person_index,word_count_llama_minus_qwen,action_count_llama_minus_qwen,explanation_count_llama_minus_qwen,generation_seconds_llama_minus_qwen
0,186,-1,3,-56.825
1,28,-5,2,-87.143
2,43,-1,2,-61.251000000000005
3,40,-6,0,-62.519999999999996
4,34,-2,2,-78.98899999999998
5,160,-3,0,-53.624
6,62,-4,0,-64.95899999999999
7,84,-4,1,-54.022
8,66,-6,3,-63.68299999999999
9,113,-1,3,-67.936
10,57,-6,1,-63.748999999999995
11,-26,2,-1,-61.553
12,153,-6,2,-56.940000000000005
13,41,-9,2,-64.305
14,116,-4,5,-70.343
15,45,3,1,-63.25699999999999
16,39,-1,1,-61.297
17,44,-3,3,-62.480999999999995
18,40,-7,1,-65.199
19,-84,-5,0,-85.624
20,81,0,0,-60.946999999999996
21,85,0,5,-61.247
22,79,-6,2,-63.370000000000005
23,-1,-2,1,-78.49100000000003
24,65,0,2,-67.864
25,59,0,1,-61.091
26,-8,-6,1,-76.869
27,90,-5,1,-59.608000000000004
28,21,0,1,-58.25100000000001
29,-33,-5,0,-72.77799999999998
30,71,-1,1,-72.075
31,59,-9,3,-74.624
32,174,-3,3,-73.20800000000003
33,95,-3,1,-57.816
34,13,-10,-1,-75.27300000000001
35,87,-1,0,-55.799
36,-22,-6,3,-72.30099999999997
37,135,0,-1,-62.016
38,105,-5,2,-59.840999999999994
39,54,-6,0,-62.596
40,76,2,0,-50.278999999999996
41,-41,1,0,-77.84099999999998
42,110,2,-1,-47.707
43,69,-3,1,-73.043
44,32,-1,1,-71.30199999999998
45,127,-8,2,-49.904
46,-7,-2,0,-74.449
47,90,-5,1,-54.839
48,39,2,1,-58.75
49,-24,-4,-2,-72.734
50,91,-9,2,-57.53999999999999
51,14,-1,-3,-65.851
52,58,-4,3,-62.787000000000006
53,97,0,1,-55.382000000000005
54,131,-9,1,-49.106
55,-34,-2,-1,-63.175999999999995
56,-57,-5,-2,-66.466
57,71,0,-2,-48.893
58,101,0,2,-59.02100000000001
59,79,3,4,-59.367
60,69,-1,1,-53.205999999999996
61,28,-7,1,-56.31
62,96,-1,1,-56.90400000000001
63,144,-4,2,-46.371
64,34,-5,2,-65.54600000000002
65,83,-3,2,-57.394999999999996
66,101,-6,2,-52.351
67,-47,-8,1,-66.21099999999998
68,40,-3,0,-54.914
69,40,-2,0,-55.534
70,107,-10,3,-59.204
71,69,-2,-1,-56.482
72,75,-4,1,-55.546
73,51,-4,3,-65.14100000000002
74,34,-1,2,-61.65700000000001
75,31,-1,1,-59.874
76,-44,-5,0,-73.202
77,97,-6,1,-51.01400000000001
78,120,-5,0,-48.875
79,-57,-5,0,-70.64999999999999
80,53,-1,0,-51.431000000000004
81,95,-11,2,-45.974
82,20,-2,-2,-61.336
83,6,-10,1,-68.894
84,-14,2,-1,-56.556000000000004
85,-6,-3,1,-62.07899999999999
86,-76,-7,-1,-71.91700000000002
87,65,-4,1,-69.446
88,61,-3,2,-56.569
89,97,-5,1,-46.858000000000004
90,78,1,2,-52.198
91,-23,5,0,-56.342999999999996
92,153,-4,1,-47.977
93,-18,-2,3,-76.506
94,-8,-5,1,-69.422
95,-8,-5,3,-67.438
96,99,-5,1,-42.198
97,11,1,1,-56.621
98,94,0,2,-60.48899999999999
99,-47,-1,-1,-67.30899999999998
100,69,-3,0,-65.49499999999999
101,93,-4,3,-56.342
102,76,-1,2,-62.249
103,76,-11,3,-59.445
104,17,2,0,-53.321
105,149,1,2,-44.398999999999994
106,29,-7,3,-68.167
107,9,-8,2,-60.592
108,-39,-2,3,-67.201
109,110,-1,-1,-55.929
110,39,-4,1,-63.04900000000001
111,133,-5,1,-57.708000000000006
112,-46,-7,1,-71.848
113,-47,-4,0,-66.857
114,80,-1,2,-54.986
115,70,-4,1,-50.586
116,75,-3,1,-62.611999999999995
117,96,-8,5,-57.68599999999999
118,-11,-3,2,-68.49199999999999
119,63,-7,1,-61.153000000000006
120,28,0,2,-63.922
121,36,-2,-1,-56.564
122,45,-5,4,-65.278
123,8,-1,0,-58.819
124,42,-5,1,-60.263
125,39,0,-1,-52.404
126,52,-8,1,-54.001999999999995
127,38,-5,1,-58.002
128,134,-3,-1,-58.169000000000004
129,104,-5,1,-57.96000000000001
130,33,0,-2,-57.989000000000004
131,82,0,0,-58.923
132,28,-2,-1,-51.355
133,0,1,-1,-59.80199999999999
134,36,-4,3,-57.47
135,-70,-1,0,-66.327
136,-29,-2,-1,-71.81200000000003
137,19,-1,1,-64.439
138,60,-6,-1,-55.52
139,100,0,1,-57.499
140,-99,-6,0,-76.43199999999999
141,143,-9,1,-61.158
142,2,-6,2,-70.56500000000003
143,177,-3,3,-44.587
144,72,0,1,-52.144999999999996
145,33,-3,1,-61.114000000000004
146,58,-8,2,-49.955
147,5,-3,0,-52.89600000000001
148,-64,1,2,-64.758
149,-18,-3,-1,-52.794999999999995
150,46,-6,-1,-59.781000000000006
151,8,-1,1,-65.915
152,29,-2,1,-60.152
153,-144,-2,-2,-76.751
154,17,-3,0,-58.667
155,-25,4,0,-59.62500000000001
156,45,-1,-1,-62.302
157,15,-7,-1,-68.38600000000002
158,-21,-3,1,-63.198
159,44,3,1,-57.381
160,56,-1,1,-48.688
161,49,-1,0,-51.013999999999996
162,-39,-4,2,-72.935
163,0,-7,0,-71.371
164,-14,3,0,-53.604
165,28,-7,0,-63.923
166,66,-9,3,-64.96199999999999
167,-3,-1,-1,-66.266
168,44,-7,0,-58.817
169,81,-4,3,-54.465
170,-80,-2,-2,-76.49400000000003
171,-4,-2,1,-62.609
172,13,-3,2,-57.63399999999999
173,75,-3,1,-59.986999999999995
174,57,-4,1,-58.87100000000001
175,46,-4,2,-42.188
176,-14,-5,2,-73.783
177,-56,-9,-1,-76.84000000000002
178,25,-5,-1,-58.709
179,179,0,3,-46.271
180,126,5,3,-56.980000000000004
181,62,-1,-2,-57.309999999999995
182,16,-6,1,-66.465
183,34,-6,1,-68.49
184,92,-2,0,-51.462
185,78,5,-1,-65.589
186,76,1,0,-62.30799999999999
187,57,4,2,-55.42800000000001
188,48,-9,1,-54.399
189,25,-11,2,-65.375
190,1,-6,2,-72.397
191,11,-6,1,-62.063
192,-32,1,1,-69.998
193,21,0,1,-59.53300000000001
194,47,1,3,-58.61900000000001
195,-21,-3,1,-64.093
196,25,-4,2,-57.341
197,92,-1,1,-53.963
198,112,-5,2,-69.387
199,17,-5,0,-62.607
200,144,1,2,-57.276999999999994
201,45,-4,0,-66.78399999999998
202,4,-7,2,-67.69
203,75,-4,4,-55.674
204,78,1,2,-61.968
205,69,0,1,-53.102
206,37,-3,0,-52.41499999999999
207,-26,-4,0,-65.58399999999999
208,36,-4,1,-60.00800000000001
209,44,-7,3,-58.681000000000004
210,35,3,-2,-43.06
211,-15,2,0,-61.77400000000001
212,-87,-2,0,-72.825
213,40,-10,3,-71.27799999999999
214,26,-1,0,-55.149
215,-36,-6,2,-68.31
216,114,-7,2,-49.554
217,-1,-3,1,-58.767
218,126,-4,2,-53.298000000000016
219,12,-2,2,-62.333999999999996
220,35,-2,2,-57.706999999999994
221,3,-4,1,-69.90299999999999
222,10,-6,2,-59.383
223,-4,-8,2,-66.234
224,7,-1,1,-58.208999999999996
225,44,1,-2,-61.737
226,4,5,2,-62.67000000000001
227,-32,1,-2,-70.781
228,46,-4,0,-53.445
229,131,-1,1,-59.937999999999995
230,13,-6,0,-71.068
231,121,2,2,-50.480000000000004
232,191,-1,1,-49.905
233,14,0,-2,-57.519
234,119,-5,2,-58.99700000000001
235,15,-4,1,-72.903
236,7,-10,2,-65.573
237,77,-6,2,-66.39
238,115,-5,1,-57.447
239,38,-5,-2,-64.551
240,-34,-2,0,-70.60800000000002
241,76,3,1,-45.238
242,77,-4,0,-51.981
243,-24,0,1,-75.696
244,-33,2,-1,-63.49999999999999
245,77,-4,1,-59.114999999999995
246,123,-8,1,-54.481
247,-7,-6,1,-60.162
248,25,8,-1,-62.27600000000001
249,85,-5,1,-49.635
250,66,-5,0,-62.169
251,-16,-5,-1,-69.655
252,52,-5,2,-62.872
253,83,-3,3,-47.547000000000004
254,35,-2,2,-69.88200000000002
255,68,-1,-2,-52.568999999999996
256,-32,-7,2,-70.91300000000003
257,12,-3,-1,-53.421
258,-35,-12,0,-70.07299999999998
259,74,-3,1,-49.611999999999995
260,12,-2,3,-66.83500000000001
261,-24,-3,1,-64.823
262,-38,-5,3,-73.048
263,84,0,0,-46.70500000000001
264,45,-2,1,-59.494
265,-67,2,-2,-65.316
266,115,-1,2,-58.648
267,33,-4,1,-55.394
268,58,-4,3,-56.839
269,103,-5,1,-53.403999999999996
270,61,-2,2,-58.611999999999995
271,73,-2,1,-53.949
272,85,-3,0,-48.506
273,2,-4,2,-64.529
274,55,-6,0,-68.02900000000001
275,-25,-6,0,-65.28
276,-110,-6,2,-75.9
277,21,2,2,-68.403
278,30,0,-1,-65.309
279,-1,1,-1,-65.296
280,62,-1,1,-56.96500000000001
281,35,-3,1,-55.02
282,-10,-1,-1,-61.647000000000006
283,19,-7,1,-68.399
284,24,-3,0,-52.884
285,172,-3,0,-57.33800000000001
286,5,-4,-1,-63.14099999999999
287,85,-3,2,-47.577999999999996
288,31,-2,1,-63.037000000000006
289,122,-5,2,-56.421
290,33,-2,3,-62.092
291,76,-4,3,-54.838
292,101,-6,1,-57.897000000000006
293,-20,-2,0,-72.827
294,51,-10,-2,-57.349000000000004
295,47,7,-1,-57.693
296,0,-8,-2,-63.60700000000001
297,149,-10,2,-57.43599999999999
298,8,-2,-1,-52.445
299,11,-1,-3,-61.56099999999999
300,52,-4,2,-65.824
301,45,-4,0,-50.754000000000005
302,132,-3,4,-64.785
303,-83,-8,-2,-66.21300000000001
304,29,-2,0,-62.98000000000001
305,2,6,-1,-60.077
306,69,-3,3,-64.266
307,31,0,1,-58.481
308,-33,-8,2,-76.478
309,61,-7,2,-58.45499999999999
310,-35,-7,0,-67.631
311,86,-2,1,-52.573
312,34,-8,2,-53.865
313,5,-1,0,-52.847
314,77,-2,2,-55.492999999999995
315,-20,-10,2,-75.483
316,52,3,-1,-54.3
317,124,-7,1,-57.463
318,44,-4,-1,-58.294
319,71,-7,4,-69.902
320,104,1,1,-53.737
321,56,-1,0,-58.66199999999999
322,24,1,0,-56.672
323,27,-6,-1,-57.914000000000016
324,50,-4,1,-58.284
325,118,-9,4,-53.964
326,31,-2,3,-53.586
327,92,-2,1,-49.577
328,37,-5,0,-61.676
329,12,8,-1,-58.187
330,-38,-2,0,-62.17099999999999
331,74,0,-1,-47.266
332,31,-5,1,-64.678
333,-1,-3,0,-63.052
334,58,-2,0,-62.0
335,5,-13,2,-60.276
336,33,2,0,-70.052
337,63,-9,2,-66.57199999999997
338,-10,-4,1,-65.187
339,13,0,-1,-56.038000000000004
340,39,-4,3,-59.48700000000001
341,31,0,2,-63.297
342,39,-5,0,-56.345
343,58,-4,0,-52.902
344,-98,-7,1,-78.041
345,51,-5,2,-61.439
346,39,-3,3,-61.443
347,95,8,-1,-66.946
348,6,-8,1,-59.388000000000005
349,111,-3,0,-47.237
350,36,-4,2,-63.787000000000006
351,-20,0,-1,-58.651
352,58,-4,5,-65.226
353,56,-8,1,-57.049
354,10,-8,1,-62.233
355,26,-1,-1,-61.31699999999999
356,-2,-7,0,-72.346
357,71,1,-1,-60.833
358,2,-2,1,-68.658
359,44,-4,0,-62.40200000000001
360,66,-4,1,-57.870000000000005
361,63,-7,1,-60.06900000000001
362,-4,-5,2,-62.471000000000004
363,-31,5,-1,-58.425999999999995
364,79,-3,2,-59.54600000000001
365,129,3,3,-54.763
366,56,0,0,-70.407
367,-19,-6,0,-76.861
368,-4,-8,1,-61.023
369,-12,-6,1,-65.961
370,69,-4,-1,-60.365
371,81,-8,4,-56.461999999999996
372,-38,-6,2,-66.846
373,-19,-5,2,-66.16900000000001
374,72,-6,1,-56.539000000000016
375,32,-2,3,-57.885000000000005
376,45,-4,1,-49.973
377,86,-3,2,-60.47299999999999
378,-75,3,1,-76.541
379,123,0,1,-42.726
380,12,-1,-1,-59.596000000000004
381,-49,-9,-1,-76.076
382,83,-4,0,-53.223
383,67,-1,2,-62.06199999999999
384,-6,-3,0,-68.422
385,21,-3,3,-51.92
386,20,-5,3,-58.823
387,94,1,0,-51.755
388,40,1,0,-62.857
389,-37,-4,0,-71.344
390,-25,-1,1,-67.167
391,129,0,1,-62.665000000000006
392,-45,-7,2,-65.33699999999999
393,71,-6,-1,-56.83400000000001
394,-5,0,-1,-58.432
395,98,-1,1,-50.419999999999995
396,-10,1,1,-63.11099999999999
397,-33,0,2,-66.712
398,50,-4,2,-59.08099999999999
399,29,-2,1,-53.812
400,159,-4,1,-49.294
401,-28,1,0,-63.36
402,6,-2,1,-62.156
403,90,-1,2,-59.305
404,-5,-10,0,-59.86999999999999
405,67,-5,1,-64.92299999999997
406,-44,-5,2,-61.214
407,34,-7,3,-59.266999999999996
408,1,-5,0,-64.841
409,14,-9,0,-76.971
410,78,-2,4,-59.644999999999996
411,50,-3,2,-60.458999999999996
412,128,-3,1,-54.478
413,-3,-8,0,-55.824
414,37,-8,3,-57.633
415,95,5,-2,-60.982
416,19,-3,0,-58.815000000000005
417,-46,-2,0,-69.867
418,-42,2,1,-59.282
419,-12,5,-1,-63.88000000000001
420,-44,-3,0,-68.40100000000001
421,17,-7,2,-59.615
422,51,-4,3,-67.33400000000002
423,-32,-4,0,-62.649
424,70,-7,2,-61.05400000000001
425,111,9,-1,-52.624
426,19,-4,-1,-58.694
427,-73,-7,1,-75.184
428,47,-1,-2,-58.997
429,-28,-5,0,-70.064
430,65,6,0,-47.846
431,-15,-8,-2,-59.666
432,13,-1,0,-61.33500000000001
433,79,4,0,-45.982000000000006
434,26,-9,1,-70.01999999999998
435,130,4,3,-52.522000000000006
436,54,-5,0,-60.080000000000005
437,83,-4,5,-44.939
438,83,-3,2,-48.32300000000001
439,3,-6,1,-58.505
440,40,-1,-1,-59.522
441,58,2,1,-58.84
442,-64,-8,1,-70.39699999999998
443,27,-1,2,-55.603
444,-4,0,2,-71.823
445,78,-4,2,-54.795
446,26,-3,2,-48.966
447,13,-6,0,-59.60900000000001
448,96,-1,0,-68.80700000000003
449,65,-2,-3,-49.693000000000005
450,57,-6,0,-58.534
451,18,-6,3,-63.968
452,22,-2,5,-66.662
453,46,0,1,-62.016999999999996
454,0,-1,0,-65.31600000000002
455,39,-4,2,-52.736000000000004
456,46,-8,1,-54.077
457,52,-5,1,-60.53499999999999
458,-15,-3,0,-72.65699999999998
459,-34,-1,3,-68.804
460,-21,-1,2,-65.756
461,44,-6,3,-57.1
462,113,-4,1,-47.184
463,46,-3,2,-2.0409999999999995
464,-22,1,2,-0.4710000000000001
465,-10,4,0,-0.5510000000000002
466,74,-4,0,0.8720000000000008
467,60,-5,2,0.05900000000000016
468,15,-4,0,-0.02799999999999958
469,92,-5,2,1.133000000000001
470,101,-5,2,0.8100000000000005
471,39,-10,2,0.08800000000000008
472,61,-1,-1,0.35799999999999965
473,-11,-7,-2,-0.4399999999999995
474,-37,1,1,-1.1509999999999998
475,36,-2,1,-0.14600000000000168
476,39,-4,1,-0.08999999999999986
477,-13,-8,-1,-1.060999999999999
478,57,-3,0,0.051000000000000156
479,18,-6,2,-0.8420000000000005
480,9,-1,0,-0.11500000000000021
481,21,-3,1,-0.5080000000000018
482,128,-1,0,1.2609999999999992
483,46,-5,0,-0.19099999999999984
484,-16,-9,-2,-0.5250000000000004
485,-1,-9,1,-0.7529999999999992
486,47,-4,-1,0.4670000000000005
487,110,-4,1,1.1020000000000003
488,-26,-2,-3,-0.4639999999999995
489,-8,-6,0,-0.7200000000000006
490,30,-3,1,0.03199999999999914
491,44,-1,0,-0.014000000000000234
492,47,-3,-1,-8.881784197001252e-16
493,-74,-7,1,-1.3199999999999985
494,19,-2,3,-0.2110000000000003
495,128,-6,1,0.9389999999999992
496,51,-1,0,0.11100000000000065
497,-5,-7,1,-1.072
498,60,1,-1,0.4759999999999991
499,67,-4,1,0.6340000000000003
500,23,-6,1,-0.2400000000000002
501,-1,-7,1,-0.9329999999999998
502,63,0,1,0.26899999999999924
503,-42,-3,2,-1.440999999999999
504,112,-3,-1,1.2699999999999996
505,28,2,0,0.30299999999999905
506,60,-4,0,0.4230000000000018
507,65,-6,1,0.025000000000000355
508,-22,-4,-1,-0.8350000000000009
509,29,-9,2,-0.3600000000000003
510,34,1,1,-0.4109999999999996
511,-38,-3,3,-0.900999999999998
512,51,-9,4,-0.17799999999999994
513,118,-7,3,1.593
514,19,-3,2,-0.2610000000000001
515,69,0,-2,0.02099999999999902
516,127,-1,2,1.287
517,39,-5,1,-0.30600000000000005
518,49,-1,0,0.08099999999999952
519,49,-8,0,-0.12700000000000156
520,43,-5,0,0.3460000000000001
521,63,-6,-1,0.34300000000000086
522,-13,-2,-1,-1.1790000000000003
523,24,-3,1,-0.54
524,127,0,2,1.221
525,19,-3,-1,-0.4919999999999982
526,8,-3,-1,-0.6509999999999998
527,84,-6,1,0.5750000000000002
528,9,-6,0,-0.5379999999999994
529,-28,-3,-1,-1.3219999999999992
530,45,1,1,0.484
531,97,3,0,0.7480000000000002
532,-7,-7,1,-0.6870000000000003
533,81,-9,2,0.9039999999999999
534,-32,-3,1,-1.3770000000000007
535,68,-2,3,0.6379999999999999
536,32,3,2,-0.14999999999999947
537,42,-7,1,-0.4209999999999994
538,60,-3,1,0.7960000000000003
539,155,-5,1,1.5570000000000008
540,99,-1,-1,0.9979999999999993
541,50,-4,2,0.11399999999999899
542,135,-9,4,0.8199999999999994
543,6,-5,1,-0.5930000000000009
544,41,-13,2,-0.32500000000000107
545,17,-6,2,-0.5239999999999991
546,-32,-2,0,-1.423
547,16,-10,2,-0.4950000000000001
548,68,-6,2,-0.2679999999999998
549,-42,-4,0,-1.476
550,7,-4,0,-0.25900000000000034
551,118,-4,2,1.3129999999999988
552,36,-6,1,-0.16300000000000203
553,37,-5,0,-0.633
554,20,-1,0,0.3049999999999997
555,25,-5,2,-0.10900000000000087
556,29,-1,0,-0.23099999999999987
557,-2,-6,1,-0.9190000000000005
558,62,-4,1,0.04499999999999993
559,81,-4,-2,0.12200000000000077
560,64,-5,4,-0.27499999999999947
561,-53,-10,0,-1.2350000000000003
562,14,0,0,-0.08399999999999963
563,15,-6,-1,-6.489000000000001
564,43,-3,3,-5.188999999999997
565,7,-7,1,-5.906000000000001
566,71,-2,1,-5.499
567,76,-5,1,-4.449000000000001
568,38,-4,4,-5.855
569,65,-6,2,-5.009999999999998
570,36,-2,1,-4.725
571,21,-8,1,-5.989
572,101,-2,5,-5.611
573,45,-8,1,-6.010000000000001
574,64,0,0,-5.7059999999999995
575,-41,-4,2,-6.492000000000001
576,-5,-5,1,-6.638
577,98,3,3,-5.67
578,-79,-9,1,-6.824
579,20,-5,1,-6.553999999999999
580,124,5,2,-4.547000000000001
581,74,8,0,-4.466999999999999
582,16,-7,1,-5.531
583,131,3,1,-5.288999999999999
584,23,-3,2,-5.4830000000000005
585,50,-6,2,-5.588
586,40,-8,2,-6.180999999999999
587,-74,-7,-1,-7.503000000000001
588,16,-6,2,-6.706999999999999
589,20,-5,1,-5.482
590,47,3,1,-6.324999999999999
591,6,-3,0,-5.337
592,29,-7,1,-5.887000000000001
593,137,3,2,-4.752
594,28,-3,2,-5.776000000000001
595,8,-1,0,-6.300999999999999
596,-15,5,0,-5.815
597,-16,-3,1,-6.819999999999999
598,59,-8,1,-5.7749999999999995
599,-38,-6,-1,-6.792999999999999
600,-31,-7,1,-7.438000000000001
601,-36,-3,2,-7.35
602,66,-2,1,-6.225999999999999
603,-1,-2,1,-6.736
604,13,-8,3,-6.6690000000000005
605,86,-3,1,-5.809
606,91,-3,0,-4.199
607,46,-3,0,-6.011
608,20,0,0,-6.351
609,93,-5,3,-5.465
610,67,-2,1,-4.367000000000001
611,94,-5,1,-6.742999999999999
612,80,1,-1,-4.887
613,-15,2,-1,-5.3469999999999995
614,123,-4,0,-5.300999999999999
615,38,0,0,-5.436999999999999
616,61,-4,0,-5.563000000000001
617,-30,2,-1,-6.177
618,-9,-6,1,-6.643000000000001
619,16,-7,3,-6.239999999999999
620,2,-1,0,-6.310999999999999
621,65,-4,1,-6.316000000000001
622,20,-3,2,-5.9030000000000005
623,61,-2,2,-6.021000000000001
624,48,1,0,-5.044999999999999
625,-9,-2,2,-6.051000000000001
626,62,-7,-1,-5.814000000000002
627,78,-2,1,-5.146000000000001
628,23,-6,2,-5.930999999999998
629,26,4,-1,-5.535
630,70,-5,0,-5.112
631,48,-5,0,-6.229999999999999
632,60,-3,1,-5.686000000000001
633,34,-4,4,-6.888999999999999
634,-8,-4,3,-6.253999999999998
635,24,0,0,-6.365
636,27,-4,4,-6.523
637,45,7,1,-5.534000000000001
638,33,-1,0,-7.226999999999999
639,0,-6,3,-7.555000000000001
640,112,-4,2,-4.714
641,38,-2,-1,-5.474999999999998
642,94,-1,-1,-4.667000000000001
643,73,1,2,-5.369999999999999
644,-55,-3,0,-6.662000000000001
645,152,-5,3,-5.500999999999999
646,99,-3,1,-4.287999999999999
647,37,-3,2,-5.558000000000001
648,47,-7,1,-5.292999999999999
649,16,-4,1,-6.5520000000000005
650,-60,3,0,-7.568999999999999
651,-3,-5,0,-7.148
652,45,-7,4,-6.484
653,123,-5,4,-5.092
654,76,1,2,-6.0939999999999985
655,47,0,2,-4.668
656,-33,-8,2,-6.578000000000001
657,6,-6,3,-6.987
658,-56,-3,0,-7.017999999999998
659,105,-2,1,-5.096
660,-17,-1,1,-6.676
661,10,-4,1,-7.236999999999999
662,13,-2,0,-7.579999999999999
663,94,-4,1,-4.887000000000001
664,59,3,2,-6.057
665,8,-9,3,-5.037
666,-48,-9,2,-6.667999999999999
667,-9,-1,1,-7.457
668,83,-2,0,-5.579999999999998
669,26,0,1,-5.808000000000002
670,23,-1,1,-5.957
671,54,-6,-2,-4.933000000000001
672,149,-2,3,-4.109999999999999
673,20,-5,0,-4.3389999999999995
674,22,-1,-1,-6.162000000000001
675,2,-4,1,-6.2890000000000015
676,43,-1,0,-5.51
677,99,-3,2,-4.2589999999999995
678,-42,-5,3,-7.3790000000000004
679,-138,-7,-2,-8.963000000000001
680,-91,-2,-2,-6.915
681,123,-6,2,-4.934
682,8,-1,2,-6.3260000000000005
683,28,3,3,-6.003000000000001
684,41,-3,1,-6.024
685,-47,-6,0,-7.147
686,-4,0,-1,-6.706000000000001
687,98,-7,2,-5.561
688,71,-6,2,-5.2589999999999995
689,55,-3,1,-4.773
690,12,-3,0,-6.171999999999999
691,-51,-8,2,-6.847999999999999
692,-25,-3,0,-5.72
693,53,-3,0,-5.957000000000001
694,-95,-3,1,-8.733
695,56,-3,2,-6.353999999999999
696,-92,-6,-2,-6.575000000000001
697,45,-5,1,-6.206
698,20,-5,2,-5.476999999999999
699,36,0,-2,-5.312
700,-2,-4,-1,-6.187999999999999
701,45,-2,1,-6.743000000000001
702,43,-6,2,-5.826000000000001
703,30,-6,1,-5.277000000000001
704,25,5,-1,-5.944
705,-5,-4,1,-6.550000000000002
706,3,-5,3,-6.619
707,19,-5,0,-6.706
708,-59,-5,-1,-7.5729999999999995
709,32,-11,4,-7.013999999999999
710,40,-4,-1,-6.504999999999999
711,63,1,2,-5.111000000000001
712,-17,-3,-1,-6.7490000000000006
713,46,-3,0,-4.914000000000001
714,-17,-2,1,-7.053999999999999
715,-3,5,-1,-6.709
716,27,4,-1,-5.114999999999998
717,-10,-5,-1,-5.721
718,-49,5,0,-7.1899999999999995
719,48,-9,0,-6.438999999999999
720,103,3,0,-4.778
721,189,-3,2,-4.614
722,-36,-8,1,-8.151
723,18,-6,1,-5.619999999999999
724,20,-1,2,-7.1129999999999995
725,39,-7,3,-6.4
726,-26,2,-1,-6.861999999999999
727,49,-1,1,-6.760000000000001
728,25,1,-1,-6.6709999999999985
729,23,-1,3,-6.351000000000001
730,66,-1,-1,-5.348
731,38,-2,0,-5.704999999999999
732,33,-8,0,-5.647
733,26,-6,1,-6.050999999999999
734,4,1,0,-6.599
735,-38,-8,4,-8.119
736,-24,-10,2,-8.356
737,18,-2,1,-6.318000000000001
738,-6,2,1,-6.515
739,-5,-3,1,-6.227000000000002
740,99,-8,1,-4.939000000000001
741,47,-9,2,-6.023000000000001
742,41,-4,4,-5.944
743,194,-8,0,-3.0469999999999997
744,63,1,0,-4.074
745,55,-6,0,-4.177
746,19,-8,0,-6.315000000000002
747,15,3,-1,-6.260000000000001
748,-31,-1,0,-6.936999999999999
749,5,-3,2,-7.986
750,64,-8,1,-7.046000000000001
751,-22,-4,1,-7.141
752,19,-2,2,-6.835
753,117,-3,1,-5.105
754,88,3,1,-4.0280000000000005
755,-15,-8,1,-6.3870000000000005
756,92,2,4,-5.552999999999999
757,50,-6,1,-5.3500000000000005
758,8,-11,0,-7.063000000000001
759,-46,-6,1,-7.822000000000001
760,65,-5,0,-5.18
761,48,1,-2,-4.436000000000001
762,50,-5,0,-5.401999999999999
763,54,-4,3,-6.59
764,5,-4,1,-7.513999999999999
765,37,-5,2,-5.888
766,54,-7,0,-5.591000000000001
767,112,-5,1,-4.650000000000001
768,75,-7,2,-5.457
769,-68,-6,-2,-7.723999999999999
770,-20,-4,-1,-7.710000000000001
771,63,-3,2,-5.797
772,-12,3,1,-5.968999999999999
773,-94,-9,1,-7.844
774,57,-2,0,-6.191
775,1,5,-1,-5.636
776,79,-6,2,-5.299
777,79,-5,2,-4.414000000000001
778,121,-3,1,-4.5409999999999995
779,97,-2,3,-4.825000000000001
780,36,-5,2,-6.128
781,36,-3,0,-5.258
782,33,-4,0,-5.927999999999999
783,52,-8,2,-5.766000000000001
784,52,0,1,-5.454
785,34,-5,2,-4.694
786,-73,-11,2,-6.931000000000001
787,5,2,0,-6.6930000000000005
788,116,-3,0,-4.312
789,64,-4,-1,-4.864
790,73,-7,1,-5.276999999999999
791,83,2,1,-5.307000000000001
792,35,-4,1,-6.392
793,63,-1,2,-5.158
794,23,-2,-1,-5.4
795,46,0,1,-5.401
796,45,2,-1,-5.785
797,84,-6,4,-4.526000000000001
798,102,0,-2,-3.539999999999999
799,58,-5,1,-5.449
800,107,-4,1,-5.965
801,42,1,3,-5.984999999999999
802,-13,-4,1,-6.324
803,84,0,2,-5.269
804,114,-2,1,-4.82
805,-13,-6,1,-5.783
806,7,-4,1,-7.071000000000001
807,88,-2,0,-4.994999999999999
808,-4,1,-1,-6.114999999999999
809,-29,0,-2,-6.595
810,-14,2,2,-7.679
811,94,-2,0,-5.106999999999999
812,112,-8,2,-4.2780000000000005
813,45,-11,3,-5.5680000000000005
814,70,-3,5,-5.403
815,-38,1,-1,-7.299
816,61,-6,2,-5.3389999999999995
817,105,-5,1,-4.974
818,37,-6,1,-5.865000000000001
819,-23,2,-1,-4.929
820,-47,-6,3,-7.0169999999999995
821,156,-1,0,-3.654
822,90,-3,0,-3.668
823,-47,-5,1,-5.452
824,90,-11,4,-5.853999999999999
825,77,-7,1,-6.391
826,70,4,0,-5.292000000000002
827,-27,0,-1,-5.623
828,-31,-5,0,-7.420999999999999
829,104,-6,3,-5.978000000000001
830,36,-2,0,-5.162999999999999
831,19,0,0,-4.487999999999999
832,44,-5,0,-5.737
833,22,0,2,-5.567999999999999
834,67,-5,3,-5.499000000000001
835,8,-7,1,-5.870000000000001
836,-13,-3,-2,-6.748999999999999
837,2,-7,2,-6.4430000000000005
838,60,-4,1,-6.498999999999999
839,-104,-5,1,-7.1370000000000005
840,147,-2,0,-5.280000000000002
841,10,-4,2,-6.127
842,58,0,1,-6.032
843,-10,-9,3,-5.3709999999999996
844,44,-3,-1,-5.884999999999999
845,70,-2,1,-5.083
846,80,-9,1,-4.93
847,54,-9,0,-6.074000000000001
848,46,1,1,-5.748
849,-57,-7,1,-7.308000000000002
850,10,2,2,-7.165000000000001
851,19,-4,0,-6.681999999999999
852,61,-10,3,-5.3020000000000005
853,22,-1,1,-5.355999999999998
854,13,0,-2,-6.274
855,14,-1,-2,-6.100999999999999
856,41,-4,-1,-5.474
857,36,-3,1,-6.023000000000001
858,90,-7,4,-3.7970000000000015
859,37,-7,0,-5.37
860,60,-3,0,-6.137
861,-39,-3,1,-6.0120000000000005
862,41,-2,-1,-5.409
863,42,-3,3,-5.283
864,42,-4,1,-6.0169999999999995
865,-8,-7,2,-5.2250000000000005
866,53,-7,2,-6.122
867,51,-1,1,-5.484
868,42,-2,0,-5.486
869,7,-6,1,-6.149
870,-28,1,2,-6.637
871,56,1,-1,-5.657000000000001
872,100,-7,3,-4.564
873,-32,-5,1,-7.107
874,18,-9,0,-6.283999999999998
875,34,-6,0,-5.774
876,-11,-5,2,-6.045000000000001
877,83,-1,3,-4.81
878,-9,-11,2,-6.076
879,50,3,0,-6.253999999999999
880,88,-5,2,-4.807
881,-113,-6,1,-7.351
882,-43,-5,0,-8.177999999999999
883,-44,-7,0,-6.961000000000001
884,-26,-6,2,-6.8340000000000005
885,10,-3,-1,-6.155
886,81,-1,0,-5.557000000000001
887,56,-4,3,-3.8580000000000005
888,78,1,-1,-4.714
889,101,-5,3,-4.893999999999999
890,118,-9,3,-5.3629999999999995
891,-14,-4,1,-6.5680000000000005
892,63,-5,0,-5.357
893,14,-8,2,-5.814
894,-4,0,2,-6.181999999999999
895,32,-5,2,-5.980999999999999
896,-12,-5,3,-7.885999999999999
897,71,-8,0,-4.706
898,27,3,0,-5.945
899,188,-8,2,-4.256
900,83,-2,3,-4.748
901,11,-12,2,-5.299
902,-3,-4,1,-5.322
903,20,-5,0,-5.986
904,106,-3,4,-4.8839999999999995
905,41,1,1,-4.094
906,25,-3,2,-6.140999999999998
907,128,-2,1,-4.407000000000001
908,40,-3,1,-5.592
909,-67,-2,0,-6.487
910,10,-3,-1,-5.767999999999999
911,113,-2,2,-5.1610000000000005
912,-96,-9,1,-7.698
913,161,-1,1,-5.273000000000001
914,35,-5,0,-5.065000000000002
915,159,0,3,-4.624999999999999
916,6,-4,2,-6.351999999999999
917,114,-6,5,-5.582
918,30,2,-1,-5.304
919,173,-5,2,-3.981
920,73,-5,-3,-4.7749999999999995
921,-50,-9,2,-6.903999999999999
922,158,-4,0,-5.167
923,30,-1,1,-5.774999999999998
924,74,-6,1,-4.296999999999999
925,125,2,2,-3.8759999999999994
926,143,1,2,-3.7619999999999996
927,72,5,0,-4.758000000000001
928,-48,-1,0,-7.6530000000000005
929,63,-12,1,-6.247999999999998
930,81,-5,-1,-5.4399999999999995
931,53,-3,0,-5.612000000000001
932,54,-7,1,-5.027
933,24,-2,1,-5.246
934,66,1,1,-5.13
935,69,-4,2,-5.0040000000000004
936,84,-4,1,-4.864999999999999
937,66,-8,0,-5.189000000000002
938,100,-8,2,-5.175
939,58,-7,0,-4.808
940,-18,-4,2,-5.585
941,-26,3,-2,-6.243
942,24,2,0,-5.75
943,49,-9,2,-4.52
944,66,0,-1,-4.485
945,-2,-10,-1,-5.773999999999999
946,50,-5,0,-5.683000000000001
947,1,-4,0,-6.246
948,-24,-8,1,-7.771
949,-7,-7,1,-5.100999999999999
950,-45,-6,-1,-6.737
951,51,0,1,-5.677999999999999
952,-25,0,1,-6.846000000000001
953,47,-5,0,-4.81
954,7,-2,-1,-6.0329999999999995
955,39,0,0,-5.294000000000001
956,73,-5,1,-5.062
957,92,-4,1,-4.629
958,50,-5,4,-6.037
959,104,-3,0,-4.739
960,15,-1,0,-5.903999999999999
961,-26,-5,0,-5.423
962,92,-6,1,-4.241999999999999
963,42,-4,3,-4.614000000000001
964,-34,0,2,-5.8999999999999995
965,40,-3,1,-5.973
966,24,2,1,-6.463
967,17,-3,3,-6.5
968,-70,-8,1,-7.545000000000001
969,43,-3,2,-5.389
970,31,1,-1,-5.858000000000001
971,16,-7,-2,-6.357
972,35,-3,0,-5.899000000000001
973,-12,-7,3,-6.545999999999999
974,29,-2,3,-7.003000000000001
975,44,-8,2,-4.314000000000001
976,29,-2,-1,-5.985
977,22,-5,0,-4.761
978,-65,-5,1,-6.995000000000001
979,79,-2,3,-5.7860000000000005
980,41,-5,4,-5.777
981,137,4,1,-4.477
982,-9,-7,0,-5.942000000000001
983,-18,-5,0,-6.594999999999999
984,49,-7,2,-5.2940000000000005
985,24,-2,0,-4.889
986,23,-4,1,-4.701
987,86,-7,4,-5.187999999999999
988,-28,-3,-2,-6.993000000000001
989,-32,-9,2,-6.763000000000001
990,35,-2,-2,-6.039000000000001
991,81,-9,3,-5.323999999999999
992,67,-5,3,-5.457000000000001
993,55,-5,2,-5.216
994,63,-1,3,-5.034
995,34,2,-1,-4.578
996,18,-3,4,-5.858000000000001
997,102,1,0,-4.98
998,-64,-1,0,-6.5729999999999995
999,28,-5,2,-6.401
1000,-15,0,0,-6.612
1001,137,-4,1,-4.156999999999998
1002,91,-9,0,-4.466999999999999
1003,-5,-7,-2,-7.052
1004,14,2,-1,-5.566999999999999
1005,22,-6,2,-5.753000000000002
1006,66,-7,1,-5.390000000000001
1007,4,-3,0,-5.927999999999999
1008,33,-3,1,-5.812
1009,-54,-7,0,-6.876999999999999
1010,-7,-4,2,-7.209
1011,111,-9,1,-4.6659999999999995
1012,0,-6,1,-5.444
1013,153,-3,2,-3.617
1014,107,0,4,-3.774
1015,124,0,0,-3.827000000000001
1016,-11,-7,0,-7.179000000000001
1017,-24,-9,2,-6.677999999999999
1018,67,-12,5,-5.164
1019,51,-4,3,-5.401000000000001
1020,50,-4,1,-6.172
1021,-15,-5,1,-6.158
1022,-90,-7,0,-7.553
1023,169,-3,-2,-4.098
1024,59,-3,2,-5.209
1025,-29,-3,-1,-6.341000000000002
1026,4,-3,1,-6.588
1027,16,-11,0,-6.3549999999999995
1028,41,-1,3,-6.167999999999998
1029,58,-6,3,-5.325
1030,24,0,0,-6.292999999999999
1031,41,1,1,-5.527000000000001
1032,60,-7,1,-5.992
1033,37,2,2,-5.107
1034,74,-8,0,-5.729
1035,194,0,0,-3.3130000000000006
1036,57,-4,1,-4.998000000000001
1037,-12,-4,0,-7.43
1038,136,-2,0,-4.163999999999999
1039,71,-1,-1,-4.871
1040,80,-2,3,-4.244
1041,28,-2,0,-5.574999999999998
1042,25,-2,-1,-5.539
1043,-33,2,0,-6.902000000000001
1044,23,-5,2,-5.726999999999999
1045,-31,-3,0,-6.846
1046,151,-2,3,-3.484000000000001
1047,32,-5,2,-5.132
1048,124,-5,1,-4.085000000000001
1049,135,-4,4,-4.926
1050,-36,-3,0,-5.751
1051,8,-2,1,-7.194
1052,-4,-11,2,-6.843
1053,10,0,-2,-6.626
1054,39,-2,-1,-5.868
1055,27,3,-2,-5.5779999999999985
1056,97,-4,1,-5.0710000000000015
1057,27,-3,1,-6.090000000000001
1058,25,-8,4,-5.6030000000000015
1059,133,-4,2,-3.422999999999999
1060,32,-8,4,-5.455000000000002
1061,42,2,0,-6.040999999999999
1062,122,-4,4,-4.337000000000001
1063,-14,-2,1,-6.498
1064,90,-4,0,-5.389000000000002
1065,137,-5,2,-4.7299999999999995
1066,30,1,1,-6.030000000000001
1067,122,7,0,-3.7169999999999996
1068,74,2,2,-5.222
1069,-34,-9,1,-7.183
1070,-38,3,0,-7.188000000000001
1071,102,5,1,-4.553999999999998
1072,-31,-3,1,-6.9590000000000005
1073,29,0,-2,-5.816
1074,130,1,2,-4.942999999999999
1075,-9,-5,1,-7.058
1076,-55,-6,1,-6.095000000000001
1077,-7,-3,1,-5.7909999999999995
1078,57,-5,2,-5.094
1079,0,-10,2,-5.5249999999999995
1080,49,-1,1,-5.319000000000001
1081,38,-7,0,-5.766999999999999
1082,-18,-9,2,-5.9990000000000006
1083,102,3,-2,-5.823000000000001
1084,111,-6,0,-5.646000000000001
1085,93,-2,1,-5.6060000000000025
1086,21,-5,1,-5.607
1087,-42,-3,1,-6.715000000000001
1088,127,-5,1,-5.3660000000000005
1089,78,2,0,-4.753
1090,127,-1,4,-3.8599999999999985
1091,-16,4,1,-5.1690000000000005
1092,17,3,0,-6.898
1093,-15,-6,3,-7.670999999999999
1094,-89,2,-3,-7.832000000000001
1095,44,-2,0,-6.271999999999999
1096,-63,-4,-1,-6.589999999999998
1097,169,-9,3,-5.180999999999999
1098,35,0,0,-5.115
1099,145,-7,1,-3.597999999999999
1100,92,-4,1,-4.308000000000001
1101,72,-2,0,-3.8199999999999994
1102,125,4,2,-3.628000000000001
1103,109,-4,4,-3.814
1104,22,-2,-1,-4.765000000000001
1105,18,-1,1,-6.144999999999999
1106,73,0,1,-5.298999999999999
1107,49,-9,3,-5.652000000000001
1108,-2,-4,-1,-5.937
1109,67,0,0,-5.844
1110,131,-8,3,-4.41
1111,-11,-1,0,-6.466
1112,-42,2,0,-6.88
1113,25,4,0,-6.238
1114,74,-3,2,-4.936999999999999
1115,37,-4,-1,-5.825
1116,10,-4,1,-5.153
1117,-12,4,1,-5.879
1118,8,-3,1,-5.989000000000001
1119,35,-6,2,-5.256
1120,-5,-5,-2,-5.387000000000001
1121,-25,-1,-1,-6.551
1122,29,-4,1,-6.723999999999999
1123,100,-5,3,-5.4079999999999995
1124,64,0,3,-5.577000000000001
1125,-13,-7,1,-6.266000000000002
1126,76,0,1,-5.669999999999999
1127,100,-6,3,-4.539000000000001
1128,83,5,0,-5.569
1129,17,-3,-1,-5.084
1130,-28,-7,-1,-6.654
1131,75,-4,2,-4.923
1132,71,0,0,-5.316
1133,100,8,2,-3.96
1134,113,6,3,-3.613999999999999
1135,82,1,-1,-4.934000000000001
1136,-14,-5,0,-5.390999999999999
1137,-8,-8,2,-6.636000000000002
1138,65,-4,0,-5.755
1139,47,-5,1,-5.248999999999999
1140,101,-5,3,-5.483000000000001
1141,13,-5,0,-4.888999999999999
1142,52,4,1,-6.367999999999999
1143,34,-4,1,-5.67
1144,93,4,-2,-4.869999999999999
1145,-18,-3,2,-6.285
1146,127,1,3,-4.763
1147,68,1,-2,-4.414999999999999
1148,57,-3,2,-5.108999999999999
1149,77,-8,2,-4.744999999999999
1150,16,-6,-1,-6.0440000000000005
1151,57,-6,0,-5.046
1152,41,-3,2,-5.388
1153,25,-6,-1,-4.774
1154,113,-7,1,-4.662999999999999
1155,76,-4,-2,-4.335
1156,141,-9,5,-3.9530000000000003
1157,24,0,3,-6.484000000000001
1158,4,1,3,-6.574
1159,16,-9,1,-6.164999999999999
1160,-12,-4,-1,-7.379
1161,-98,-6,-2,-7.449999999999999
1162,65,-5,1,-6.971
1163,80,-5,1,-5.361
1164,62,-2,3,-5.3549999999999995
1165,70,1,2,-4.22
1166,158,-2,1,-3.843
1167,16,-4,2,-4.977
1168,-92,-6,2,-7.391
1169,35,-4,-1,-7.067000000000002
1170,100,-3,0,-4.366000000000001
1171,92,0,3,-5.781
1172,32,2,1,-5.8199999999999985
1173,78,-6,2,-5.106000000000001
1174,149,-3,5,-3.457
1175,90,-5,1,-3.969999999999999
1176,-6,0,0,-4.517
1177,62,-3,0,-5.518
1178,102,-2,1,-5.114000000000001
1179,-72,-6,-3,-7.125999999999999
1180,73,-3,1,-5.045
1181,18,-3,2,-5.24
1182,-18,2,0,-5.659000000000001
1183,-47,-4,-1,-6.041000000000001
1184,48,-1,2,-6.218000000000001
1185,25,-3,3,-6.378
1186,-32,-3,-1,-6.89
1187,52,-6,3,-5.912999999999999
1188,-10,-6,-1,-5.893999999999999
1189,38,4,0,-4.497
1190,146,1,2,-3.1899999999999995
1191,76,1,2,-3.8869999999999996
1192,136,-2,2,-4.623
1193,35,7,1,-5.887
1194,-6,-9,1,-5.122999999999999
1195,87,0,1,-4.729
1196,108,-5,0,-3.479
1197,45,-9,-1,-5.596000000000001
1198,5,4,-2,-5.004000000000001
1199,27,0,-3,-5.693999999999999
1200,24,-3,-1,-5.636
1201,62,3,0,-4.845000000000001
1202,19,-7,3,-5.59
1203,65,1,0,-5.22
1204,29,-9,-1,-6.0040000000000004
1205,55,-7,2,-4.963000000000001
1206,81,-4,4,-6.0600000000000005
1207,31,2,3,-5.607999999999999
1208,44,-9,2,-6.41
1209,57,-6,2,-5.4590000000000005
1210,-35,-8,-2,-7.245000000000001
1211,-6,-7,-1,-7.72
1212,28,-1,0,-7.0120000000000005
1213,-29,-3,1,-7.936999999999999
1214,-75,-8,3,-7.453999999999999
1215,36,-5,4,-7.120999999999999
1216,124,-1,1,-3.638000000000001
1217,20,-1,0,-4.506
1218,27,-2,2,-6.034999999999999
1219,135,-5,1,-4.883
1220,113,-5,2,-4.800000000000001
1221,-30,-3,1,-7.126
1222,104,-9,3,-5.5569999999999995
1223,84,-2,1,-4.9559999999999995
1224,86,8,-1,-3.776
1225,104,2,0,-5.630000000000001
1226,12,-7,2,-4.973999999999999
1227,39,-3,1,-6.384
1228,-29,-8,-2,-7.391
1229,45,-5,2,-5.419999999999999
1230,-80,-10,0,-6.292
1231,56,-2,1,-5.848000000000001
1232,66,-9,2,-4.7139999999999995
1233,47,-2,1,-4.707999999999999
1234,75,-1,1,-4.935
1235,-10,1,-1,-5.791000000000001
1236,74,-7,1,-5.494999999999999
1237,13,-7,1,-6.082000000000001
1238,8,-5,1,-5.671
1239,39,-8,2,-4.573
1240,141,0,3,-3.45
1241,3,-5,-1,-5.126
1242,42,-4,2,-6.268999999999998
1243,81,-1,1,-5.58
1244,72,0,1,-4.179
1245,-14,-9,0,-5.295000000000001
1246,70,-4,3,-5.840999999999999
1247,91,-4,3,-5.634999999999999
1248,78,-2,3,-4.939000000000001
1249,92,-6,4,-4.909
1250,35,-1,2,-5.626999999999999
1251,5,0,-1,-5.791
1252,49,-3,2,-5.154999999999999
1253,109,-2,-1,-4.969999999999999
1254,83,-10,2,-4.149000000000001
1255,-8,-1,-1,-6.893999999999999
1256,-57,-2,-1,-7.018999999999999
1257,36,-5,0,-6.228
1258,17,-3,1,-7.298000000000001
1259,62,-5,3,-5.157
1260,-37,-1,-2,-6.3629999999999995
1261,35,-11,2,-5.3389999999999995
1262,90,-7,4,-6.287
1263,114,-4,0,-5.717999999999999
1264,5,-7,2,-5.920000000000001
1265,-4,-1,1,-5.449000000000002
1266,14,-4,1,-5.625000000000001
1267,-32,-1,-2,-6.472
1268,9,-3,-1,-6.117000000000001
1269,28,-1,-2,-5.559000000000001
1270,10,-7,1,-6.116
1271,101,1,3,-4.210999999999999
1272,30,-1,3,-4.987999999999999
1273,47,-5,3,-5.368
1274,38,-5,2,-5.707000000000001
1275,97,5,3,-4.063
1276,83,-2,1,-6.019
1277,121,-5,3,-3.774
1278,62,-3,3,-4.121
1279,-16,-3,-3,-6.258
1280,-15,-2,2,-7.071000000000001
1281,115,-12,3,-4.7490000000000006
1282,24,-3,0,-4.975
1283,135,1,2,-4.050999999999999
1284,90,-5,4,-5.209999999999998
1285,97,-4,1,-3.3759999999999994
1286,54,-3,0,-4.674
1287,138,0,-1,-4.736000000000001
1288,111,-6,0,-4.006000000000001
1289,90,-3,0,-3.5119999999999987
1290,42,-2,-1,-4.538
1291,0,-5,0,-5.521000000000001
1292,38,-6,2,-5.537999999999999
1293,-7,-4,3,-6.27
1294,56,-1,2,-6.878000000000001
1295,-8,1,2,-6.801999999999999
1296,-89,-1,1,-8.274000000000001
1297,82,-3,-1,-5.856000000000001
1298,74,-6,2,-4.825000000000001
1299,14,-10,-1,-6.228000000000001
1300,125,-5,1,-4.220000000000001
1301,-71,-5,0,-7.248
1302,156,5,4,-3.556
1303,65,-1,1,-5.093000000000001
1304,63,4,-1,-3.9460000000000006
1305,-4,0,2,-5.497999999999999
1306,12,-2,2,-6.633
1307,32,-6,-2,-4.846000000000001
1308,123,-1,-2,-4.086000000000001
1309,43,-1,-1,-5.2280000000000015
1310,7,-1,1,-5.596
1311,-35,-5,1,-5.314000000000001
1312,162,-2,0,-4.2620000000000005
1313,108,-4,3,-4.126
1314,86,-8,0,-6.295
1315,56,0,1,-4.961
1316,70,-3,1,-5.321000000000001
1317,-19,-10,1,-5.2299999999999995
1318,8,-1,0,-5.308
1319,111,-2,2,-4.784
1320,67,-1,0,-5.135
1321,51,-4,0,-5.055999999999999
1322,72,5,0,-4.548000000000001
1323,-69,-4,3,-6.4239999999999995
1324,-34,-1,0,-8.027000000000001
1325,56,-12,-2,-6.455000000000002
1326,19,2,1,-5.826
1327,20,0,0,-5.749999999999999
1328,131,-8,1,-4.793000000000001
1329,31,-4,1,-4.911
1330,93,-5,0,-3.872
1331,67,4,0,-5.080000000000001
1332,-49,4,-3,-5.452000000000001
1333,13,-2,0,-6.12
1334,-50,-9,-1,-7.114000000000001
1335,56,0,1,-4.6290000000000004
1336,110,-2,1,-5.457999999999999
1337,-14,2,0,-5.66
1338,108,-2,0,-4.445
1339,21,-1,1,-5.255
1340,-50,1,-2,-5.952999999999999
1341,110,4,-1,-5.175999999999999
1342,45,-7,0,-5.418999999999999
1343,11,-8,-2,-6.6129999999999995
1344,-10,-4,1,-5.619999999999999
1345,99,-2,1,-5.023
1346,75,-4,-1,-5.612
1347,83,-4,2,-5.164000000000001
1348,93,4,2,-5.698999999999999
1349,-68,-1,0,-7.291
1350,90,-1,0,-3.8980000000000006
1351,110,-2,0,-4.735999999999999
1352,-14,-5,3,-5.413
1353,173,-1,1,-4.223
1354,-31,-4,3,-5.1
1355,63,-7,3,-6.006
1356,118,-7,1,-4.773000000000001
1357,-33,-6,1,-5.582
1358,15,-1,1,-7.026000000000001
1359,15,-4,1,-5.874
1360,32,-7,2,-5.481000000000001
1361,48,-3,0,-5.055000000000001
1362,72,-3,2,-4.445999999999999
1363,36,-7,3,-4.759
1364,-40,-7,-3,-6.7299999999999995
1365,54,0,2,-6.621
1366,-44,-4,0,-5.374999999999999
1367,74,-2,0,-6.08
1368,68,0,3,-5.16
1369,124,-5,1,-4.7299999999999995
1370,-33,-4,1,-5.662000000000002
1371,23,0,-1,-5.7139999999999995
1372,90,-2,3,-4.445
1373,69,0,0,-4.8100000000000005
1374,67,-12,3,-4.961999999999999
1375,26,-3,2,-5.915000000000002
1376,128,-6,3,-5.199999999999999
1377,2,-4,3,-4.956
1378,68,-2,2,-6.2989999999999995
1379,10,-5,1,-5.938999999999999
1380,-50,-1,0,-6.771
1381,123,0,2,-5.469999999999999
1382,-72,-8,1,-6.085
1383,5,-10,1,-7.126
1384,46,-3,0,-4.824
1385,41,-3,2,-5.025
1386,14,-5,0,-6.0809999999999995
1387,33,-3,5,-5.2959999999999985
1388,-29,-12,2,-6.075000000000001
1389,29,0,-1,-5.8020000000000005
1390,100,2,2,-4.398
1391,39,-1,4,-4.68
1392,53,-1,0,-5.612000000000001
1393,75,-4,1,-5.254
1394,19,-5,2,-5.384
1395,-1,-3,-1,-6.911
1396,34,-4,1,-6.128
1397,137,4,0,-4.848
1398,80,1,0,-5.024000000000001
1399,125,-3,1,-4.541999999999999
1400,175,-1,2,-2.5090000000000003
1401,36,0,3,-4.657
1402,12,-2,-1,-6.023000000000001
1403,20,-5,2,-6.324
1404,54,0,-1,-5.204
1405,-51,-5,2,-6.639000000000001
1406,-26,-4,0,-7.173
1407,38,-6,1,-6.946000000000001
1408,63,-2,4,-5.8100000000000005
1409,26,-2,2,-5.306
1410,-9,-8,2,-6.332000000000002
1411,-28,-6,2,-6.978999999999999
1412,-46,-3,-1,-6.358
1413,102,-7,4,-5.411
1414,-43,-5,-1,-6.838999999999999
1415,-17,0,0,-7.020000000000002
1416,85,-11,0,-4.887
1417,96,-2,2,-4.8580000000000005
1418,-45,-8,2,-6.728999999999999
1419,-48,5,-3,-7.328000000000001
1420,-34,-11,2,-7.39
1421,38,5,0,-6.451999999999999
1422,41,-4,0,-5.307000000000001
1423,62,0,0,-4.55
1424,52,-4,1,-5.411999999999999
1425,-8,1,0,-5.272
1426,34,-4,1,-6.715999999999999
1427,88,0,0,-5.115000000000001
1428,81,3,0,-6.081999999999999
1429,21,-8,-1,-5.412999999999999
1430,27,3,-2,-5.814
1431,69,5,-1,-4.2010000000000005
1432,-72,-6,1,-6.16
1433,45,-1,2,-6.056
1434,26,0,1,-6.053999999999999
1435,39,-2,2,-5.341
1436,26,-4,1,-5.8629999999999995
1437,38,-7,2,-4.924
1438,76,-6,0,-5.222
1439,71,-5,0,-4.966000000000001
1440,7,-8,-1,-6.601999999999999
1441,146,1,0,-4.012999999999999
1442,-19,-4,0,-5.082999999999998
1443,97,-6,1,-5.117000000000001
1444,21,-7,-1,-6.093
1445,-12,-5,1,-6.2799999999999985
1446,-25,-9,1,-6.844
1447,-16,-2,-2,-6.372
1448,-35,-4,1,-5.459
1449,24,-5,1,-4.939000000000001
1450,-13,-6,1,-5.613000000000001
1451,83,-3,2,-4.573999999999999
1452,-52,3,3,-5.157000000000001
1453,-45,-5,-1,-7.353999999999999
1454,25,-5,0,-6.808
1455,7,-1,1,-6.606000000000001
1456,79,-8,1,-5.019999999999999
1457,50,0,1,-5.282
1458,19,-6,3,-5.838999999999999
1459,111,-1,1,-4.406999999999999
1460,6,1,-1,-5.505
1461,68,-7,2,-5.146999999999999
1462,-7,-4,0,-6.023
1463,50,-1,1,-6.35
1464,-44,-4,1,-6.4270000000000005
1465,75,-2,0,-4.398000000000001
1466,159,-8,1,-4.302
1467,41,-4,1,-5.488
1468,146,-2,-1,-4.817
1469,52,-2,1,-6.286
1470,-20,-5,1,-6.609999999999999
1471,21,-5,1,-6.273
1472,138,3,1,-3.755
1473,101,3,3,-4.669000000000001
1474,-5,1,-1,-5.241
1475,179,1,1,-2.9060000000000006
1476,79,-2,1,-5.170000000000002
1477,7,-1,0,-5.257000000000001
1478,101,3,2,-5.159
1479,64,-1,1,-5.298999999999999
1480,6,-9,0,-5.840000000000002
1481,96,-6,3,-5.226999999999999
1482,171,-4,4,-4.178
1483,20,5,0,-5.333
1484,20,-6,0,-4.364
1485,-10,-12,3,-6.643999999999999
1486,-106,-6,0,-8.232000000000001
1487,72,-9,2,-6.3389999999999995
1488,-10,-7,3,-6.074999999999999
1489,0,-3,0,-5.739999999999999
1490,56,-4,2,-5.6080000000000005
1491,-23,-7,2,-7.018999999999999
1492,45,-4,0,-5.7490000000000006
1493,92,-8,3,-5.518000000000001
1494,114,-12,1,-4.042
1495,-27,-8,3,-6.358
1496,15,-5,2,-6.450999999999999
1497,91,-2,1,-5.556000000000001
1498,-34,-1,-1,-6.883
1499,61,-6,0,-4.727
1500,64,-4,4,-4.823999999999999
1501,112,-5,4,-5.268000000000002
1502,135,-6,3,-4.088
1503,31,-1,2,-5.983000000000001
1504,202,-2,0,-2.322
1505,8,-2,3,-4.793000000000001
1506,-29,-5,0,-7.147000000000001
1507,33,-5,3,-6.274999999999998
1508,-3,-7,3,-6.068
1509,43,-3,1,-6.514
1510,-9,-4,1,-6.901999999999999
1511,-55,-7,4,-7.497999999999998
1512,89,-1,0,-4.927
1513,4,1,0,-5.452
1514,46,1,2,-5.659
1515,78,-7,3,-4.095
1516,83,1,1,-5.3389999999999995
1517,-5,0,-2,-7.343999999999999
1518,20,-1,2,-5.039999999999998
1519,55,-8,2,-5.111999999999999
1520,35,-4,1,-6.052
1521,87,-1,2,-5.076999999999999
1522,51,-4,1,-5.166
1523,42,-4,1,-5.339000000000001
1524,42,1,0,-5.485
1525,10,-2,3,-5.861000000000001
1526,43,3,0,-5.036
1527,115,-4,2,-4.449
1528,45,-5,2,-5.451
1529,-96,-5,-1,-6.872000000000001
1530,27,-5,1,-6.709999999999999
1531,40,-4,1,-5.265999999999999
1532,43,3,1,-5.581
1533,111,-4,2,-3.6709999999999994
1534,25,-1,2,-5.572999999999999
1535,80,-6,-1,-5.087
1536,-17,-2,2,-7.4110000000000005
1537,25,-2,0,-6.001999999999999
1538,55,-3,2,-6.388
1539,-8,-6,-2,-6.11
1540,118,-1,1,-4.720999999999999
1541,69,4,1,-5.071
1542,94,-9,5,-5.044999999999999
1543,29,-4,-1,-5.875000000000001
1544,57,-4,-2,-5.2780000000000005
1545,11,2,0,-5.458
1546,110,-2,-1,-4.441000000000001
1547,29,-1,2,-6.645999999999998
1548,92,-3,2,-4.481
1549,35,-1,0,-5.549999999999999
1550,75,0,2,-3.779
1551,-43,-5,0,-6.219999999999999
1552,51,-4,1,-6.275000000000001
1553,54,-1,0,-5.212999999999999
1554,122,-5,-1,-4.2379999999999995
1555,36,-6,2,-5.532999999999999
1556,28,-7,1,-6.125
1557,93,-9,-1,-4.942999999999999
1558,40,3,-2,-5.9670000000000005
1559,-13,-4,-1,-7.636
1560,43,-6,1,-6.6080000000000005
1561,26,-3,2,-4.7540000000000004
1562,108,3,2,-4.894
1563,3,-5,2,-5.7059999999999995
1564,-19,-3,0,-6.586000000000001
1565,69,-5,4,-6.687
1566,105,-5,7,-3.6720000000000015
1567,15,-7,-1,-6.324999999999999
1568,22,-3,-1,-6.523999999999999
1569,116,2,0,-4.917000000000001
1570,90,-6,2,-4.2410000000000005
1571,22,-1,-1,-6.253
1572,1,-4,2,-6.215
1573,104,-8,1,-4.031000000000001
1574,83,-6,2,-4.968
1575,-24,0,0,-6.021
1576,29,-7,2,-6.435
1577,55,-4,1,-4.953
1578,72,-4,-2,-5.08
1579,52,-2,1,-4.37
1580,44,-2,2,-4.967
1581,56,-8,1,-5.584000000000001
1582,26,-13,-1,-5.742
1583,82,-4,2,-5.632
1584,90,1,1,-5.086
1585,-21,-2,0,-5.605
1586,13,0,2,-6.6209999999999996
1587,-44,0,-2,-7.375000000000001
1588,10,-5,0,-5.891
1589,62,-2,0,-5.5950000000000015
1590,109,-2,-1,-4.851
1591,32,-10,3,-5.507000000000001
1592,92,-4,0,-5.417999999999999
1593,26,0,-1,-5.513
1594,30,-7,0,-6.294999999999999
1595,63,-1,3,-5.401
1596,23,-7,1,-5.589999999999999
1597,-8,4,-2,-5.4670000000000005
1598,72,2,1,-5.409000000000002
1599,63,-2,1,-5.212000000000001
1600,-19,-4,1,-6.300000000000001
1601,74,2,1,-5.499999999999999
1602,81,-5,3,-4.666
1603,153,5,6,-4.179
1604,13,-1,2,-5.417999999999999
1605,168,-5,3,-3.84
1606,16,-3,0,-6.488
1607,11,-11,2,-4.783999999999999
1608,68,1,1,-5.019000000000001
1609,-55,3,-1,-6.088
1610,54,-8,0,-6.069
1611,25,-10,3,-5.865999999999998
1612,81,-2,3,-4.9910000000000005
1613,9,-8,0,-5.088999999999998
1614,-13,-2,0,-6.226999999999999
1615,29,-3,-1,-5.928
1616,89,-2,2,-4.962
1617,58,-5,4,-5.5969999999999995
1618,40,-1,3,-5.742
1619,49,-5,2,-5.546
1620,72,-9,2,-4.178
1621,68,-6,1,-5.49
1622,60,3,0,-5.247000000000001
1623,93,1,1,-4.861
1624,-11,0,-2,-5.566000000000001
1625,15,-7,0,-5.786999999999999
1626,-60,-9,-1,-7.196999999999999
1627,-19,-13,1,-6.867999999999999
1628,0,-7,3,-6.606000000000001
1629,116,0,1,-4.227
1630,57,-3,1,-4.94
1631,66,-1,2,-5.016
1632,30,-3,2,-4.956
1633,44,-3,1,-5.909000000000001
1634,32,-4,0,-4.973
1635,-15,-5,-1,-6.465
1636,-1,-7,0,-6.733999999999999
1637,35,-8,0,-6.086000000000001
1638,88,-5,-1,-4.455
1639,16,-4,2,-6.62
1640,-11,2,0,-5.214
1641,-6,-4,0,-5.147
1642,64,-4,4,-5.0299999999999985
1643,68,-1,0,-4.959999999999999
1644,94,-5,-1,-4.074999999999999
1645,-2,-10,1,-5.9079999999999995
1646,118,0,2,-4.941
1647,53,-2,1,-4.907000000000001
1648,66,4,2,-5.612
1649,126,-4,3,-4.181000000000001
1650,56,-7,2,-5.007000000000001
1651,63,2,0,-4.028000000000001
1652,-24,3,1,-6.389
1653,87,0,1,-5.127999999999999
1654,76,-8,3,-4.879999999999999
1655,24,-5,-2,-6.635000000000001
1656,16,-5,3,-5.173000000000001
1657,-55,-7,1,-7.896999999999999
1658,159,-5,1,-5.243
1659,18,-11,4,-4.979
1660,51,-6,2,-5.598000000000001
1661,68,-8,3,-5.9769999999999985
1662,68,-6,-1,-6.094
1663,69,-4,-1,-4.332
1664,-15,-1,2,-6.315999999999999
1665,22,-5,0,-5.8709999999999996
1666,63,-6,1,-4.666000000000001
1667,-66,-3,0,-6.298000000000001
1668,47,2,3,-5.423000000000001
1669,152,-7,4,-4.383000000000002
1670,17,-3,1,-5.398999999999999
1671,-16,-5,1,-6.198
1672,105,-5,0,-5.526
1673,41,-2,1,-5.728000000000001
1674,21,-3,1,-6.171
1675,-7,-2,2,-6.3100000000000005
1676,80,-2,4,-5.555999999999998
1677,6,-6,0,-6.121
1678,114,1,-2,-3.6179999999999994
1679,82,2,3,-3.901
1680,75,-1,3,-4.839
1681,3,-5,0,-6.254
1682,-63,-7,3,-7.677
1683,79,-3,2,-4.433
1684,109,-8,1,-5.148
1685,80,-9,3,-4.084000000000001
1686,8,-4,1,-6.031999999999999
1687,82,-3,1,-6.239000000000001
1688,86,-3,2,-5.2669999999999995
1689,192,3,1,-2.9490000000000007
1690,-31,-6,-1,-5.513000000000001
1691,-56,3,-1,-7.457999999999999
1692,-32,-4,0,-7.54
1693,155,-6,-1,-4.125000000000001
1694,27,-2,2,-5.431000000000001
1695,45,-1,2,-5.740999999999999
1696,13,-5,-2,-5.552
1697,65,3,2,-5.159
1698,72,-2,2,-5.241
1699,-51,-12,1,-7.204
1700,-19,-7,0,-7.2669999999999995
1701,60,-4,2,-5.085
1702,-1,7,2,-5.27
1703,-1,-4,1,-6.0009999999999994
1704,-23,-2,0,-6.561
1705,-28,0,0,-6.103000000000001
1706,-66,-4,-1,-7.626999999999999
1707,83,-6,1,-6.042000000000002
1708,-23,-2,0,-6.027
1709,55,-8,1,-6.014
1710,-6,-1,2,-6.637
1711,39,-6,1,-7.0809999999999995
1712,40,-7,1,-5.371000000000002
1713,50,-2,-1,-6.321000000000001
1714,-8,-13,2,-6.532
1715,89,-5,5,-6.750000000000001
1716,-76,-10,0,-7.832999999999999
1717,-43,-2,-1,-7.024
1718,35,-2,1,-5.19
1719,67,-3,-1,-5.771999999999999
1720,10,-2,0,-5.975
1721,50,-3,0,-5.776999999999999
1722,5,-4,2,-6.879999999999999
1723,-37,-9,2,-6.53
1724,99,-2,1,-5.3149999999999995
1725,24,1,-1,-6.564999999999999
1726,-50,-9,0,-6.947
1727,85,-3,0,-4.643999999999999
1728,46,-3,0,-5.163000000000001
1729,40,-5,3,-4.7749999999999995
1730,-39,-3,1,-6.4959999999999996
1731,4,-7,2,-6.752999999999999
1732,5,-4,4,-6.799
1733,72,-4,1,-5.563999999999999
1734,57,-5,3,-4.747
1735,61,-9,2,-4.823999999999999
1736,147,-5,1,-3.2540000000000004
1737,155,-1,1,-3.3939999999999984
1738,24,-2,0,-5.952000000000001
1739,15,-3,2,-6.0200000000000005
1740,94,-4,-1,-5.373000000000001
1741,20,-3,1,-6.042999999999999
1742,123,-6,2,-4.989
1743,-7,-3,1,-5.991000000000001
1744,52,-6,1,-4.178
1745,66,1,1,-4.396999999999999
1746,131,-15,3,-3.609000000000001
1747,14,-5,0,-6.7410000000000005
1748,-55,-7,1,-6.960999999999999
1749,16,-2,3,-7.314
1750,50,5,0,-5.555
1751,89,3,3,-4.030999999999999
1752,-13,-2,-2,-6.131
1753,53,-7,-1,-5.9510000000000005
1754,-35,-2,-2,-6.283999999999999
1755,-30,-2,2,-6.0569999999999995
1756,109,-7,0,-5.160000000000001
1757,7,-4,0,-5.817
1758,-41,4,1,-5.955000000000001
1759,105,-5,-1,-4.773
1760,59,-3,2,-5.279000000000001
1761,40,-5,3,-5.737999999999999
1762,-88,-6,1,-7.281000000000001
1763,-14,-2,0,-7.658000000000001
1764,45,-4,1,-6.3549999999999995
1765,46,1,1,-5.702000000000001
1766,52,-5,1,-4.754999999999999
1767,-42,0,0,-6.003000000000001
1768,99,-14,2,-5.255
1769,51,0,3,-4.714
1770,0,-1,0,-6.146999999999999
1771,10,6,-2,-5.127
1772,60,-4,2,-4.876
1773,26,-9,0,-4.955999999999999
1774,42,0,0,-5.7669999999999995
1775,-52,1,-1,-6.542
1776,57,-2,0,-6.099999999999999
1777,-23,-12,0,-5.909
1778,23,-11,0,-5.550000000000001
1779,-17,-4,2,-6.357
1780,16,-2,0,-5.747000000000002
1781,-11,0,-1,-6.402
1782,33,1,2,-6.537000000000001
1783,101,0,2,-4.156999999999999
1784,118,-4,4,-5.365
1785,48,2,2,-5.579
1786,-15,-3,-1,-6.567000000000001
1787,42,-7,1,-5.792999999999999
1788,48,-5,1,-5.668000000000001
1789,89,-7,-2,-5.594999999999999
1790,67,-10,0,-6.182
1791,-16,-4,1,-5.874000000000001
1792,-89,-5,1,-7.488
1793,-16,-3,-1,-7.457000000000001
1794,74,-2,2,-5.548
1795,-63,0,2,-6.867999999999999
1796,9,5,4,-6.457000000000001
1797,-18,-2,1,-6.751
1798,148,-2,1,-4.1979999999999995
1799,-41,-5,0,-6.830999999999999
1800,-19,-2,-2,-7.104
1801,41,-8,1,-5.763
1802,34,-6,1,-5.878
1803,43,-5,-1,-5.718
1804,1,-9,2,-6.085999999999999
1805,77,-2,2,-4.770999999999998
1806,-11,-6,2,-5.8580000000000005
1807,112,-4,2,-5.243
1808,99,3,0,-4.274
1809,-7,-10,0,-5.415
1810,43,-3,2,-5.828000000000001
1811,29,-6,1,-5.739999999999999
1812,18,-9,1,-5.321000000000001
1813,-24,-9,2,-6.223999999999999
1814,-71,-1,1,-7.7330000000000005
1815,-16,1,1,-7.3069999999999995
1816,131,-8,1,-4.822
1817,-19,-7,2,-6.237
1818,19,-6,0,-6.401
1819,-28,1,1,-6.891
1820,114,-3,2,-5.296000000000001
1821,-23,-9,-1,-6.2379999999999995
1822,16,-9,1,-7.059
1823,78,-4,1,-6.098999999999999
1824,36,-4,0,-5.574999999999999
1825,49,-3,1,-4.076000000000001
1826,45,-5,1,-4.9559999999999995
1827,-39,-6,2,-5.665000000000001
1828,29,-4,1,-6.244999999999999
1829,3,-8,0,-6.359
1830,42,-3,-1,-5.433
1831,65,-1,1,-6.338
1832,-9,-5,2,-5.879
1833,-51,-4,1,-6.944
1834,86,-2,3,-5.1450000000000005
1835,133,-7,2,-4.535
1836,51,-10,2,-6.254
1837,115,-5,3,-3.8870000000000005
1838,91,-6,0,-4.4
1839,8,-4,1,-4.784999999999999
1840,80,-4,0,-5.367
1841,106,-8,-1,-3.9349999999999996
1842,47,-7,2,-4.377999999999999
1843,4,-1,3,-6.155999999999999
1844,106,-4,1,-5.617
1845,-4,-8,1,-5.928999999999999
1846,31,-6,2,-6.377000000000002
1847,106,-4,1,-4.104
1848,-43,-8,-2,-6.032000000000001
1849,34,-3,1,-5.591000000000001
1850,69,0,1,-6.062000000000001
1851,51,-6,-1,-5.414999999999999
1852,57,-7,1,-5.1899999999999995
1853,-16,0,1,-6.214
1854,70,1,0,-6.219000000000001
1855,-37,4,0,-6.462999999999999
1856,-81,-4,1,-7.1419999999999995
1857,58,2,1,-5.9319999999999995
1858,73,-1,1,-5.239999999999999
1859,10,-5,1,-6.737
1860,-32,-5,2,-7.161
1861,78,0,1,-5.639000000000001
1862,123,-5,0,-3.734000000000001
1863,60,-8,0,-4.905000000000001
1864,107,1,1,-4.478
1865,112,5,1,-5.150000000000002
1866,-26,-5,-1,-6.721
1867,31,-7,0,-4.766
1868,88,-4,2,-4.9849999999999985
1869,72,-8,0,-4.359999999999999
1870,-15,-6,-1,-6.155
1871,-38,-9,0,-7.139
1872,-1,-4,0,-6.274999999999999
1873,20,-7,3,-5.741999999999999
1874,66,-4,0,-5.706
1875,43,0,3,-5.453
1876,42,-10,3,-6.158999999999999
1877,2,-5,1,-5.735999999999999
1878,22,-4,3,-6.063000000000001
1879,-7,-1,-1,-6.574
1880,52,-5,1,-5.462
1881,175,-9,5,-3.9610000000000003
1882,-30,-9,2,-5.612000000000001
1883,-18,-2,0,-7.1450000000000005
1884,91,-8,0,-4.931
1885,56,4,1,-5.105
1886,-48,-13,0,-6.616999999999999
1887,26,-3,1,-5.106999999999999
1888,32,0,1,-5.631
1889,68,-4,-1,-5.019
1890,46,-2,0,-5.092
1891,-44,-2,0,-7.182999999999999
1892,46,-3,0,-6.178
1893,43,-4,-1,-4.295
1894,67,-1,1,-4.453000000000001
1895,108,-4,0,-4.459
1896,-28,-5,1,-6.923000000000001
1897,-54,-6,2,-6.792
1898,-22,-2,1,-6.8790000000000004
1899,27,0,-1,-5.905
1900,83,-5,2,-4.797
1901,47,-6,0,-5.662
1902,43,-3,0,-6.116999999999999
1903,163,-4,5,-3.8069999999999986
1904,31,-6,1,-5.44
1905,13,-8,2,-6.344
1906,-4,-4,2,-6.261
1907,44,-5,3,-6.163999999999999
1908,-78,-9,1,-7.106999999999999
1909,125,-5,2,-4.283999999999999
1910,14,-9,1,-5.107000000000001
1911,-20,-7,3,-5.156000000000002
1912,111,-4,2,-4.7540000000000004
1913,107,-7,2,-5.034000000000001
1914,62,0,1,-5.152000000000001
1915,19,-2,0,-5.717
1916,-44,-4,2,-6.379999999999999
1917,88,1,2,-4.784999999999999
1918,56,-7,1,-4.7
1919,35,0,1,-4.959999999999998
1920,123,0,2,-4.589
1921,62,-5,1,-5.518000000000001
1922,29,-6,1,-6.545999999999999
1923,-22,3,-1,-6.276
1924,91,1,-1,-5.561
1925,28,-3,4,-5.3450000000000015
1926,75,-8,2,-4.773999999999998
1927,150,-4,3,-3.9090000000000007
1928,72,-6,2,-4.900000000000001
1929,-26,-2,0,-5.922999999999999
1930,45,-4,0,-5.7829999999999995
1931,20,-4,3,-5.211
1932,114,0,2,-3.567
1933,131,-3,1,-4.687
1934,60,-3,3,-4.5569999999999995
1935,87,0,2,-5.065
1936,-1,-7,0,-6.029
1937,-63,-2,0,-6.931000000000002
1938,1,-2,0,-5.567
1939,-39,-12,4,-6.824999999999999
1940,35,-6,0,-6.370000000000001
1941,44,-3,3,-5.313000000000001
1942,-25,-4,1,-6.827999999999999
1943,25,-5,-2,-5.776
1944,50,8,-1,-5.668
1945,-32,-7,-1,-6.777000000000001
1946,33,-4,-1,-4.978
1947,-48,1,0,-6.377000000000001
1948,62,-6,1,-6.026
1949,98,2,2,-3.787
1950,134,-7,1,-5.477
1951,-51,-3,1,-5.469999999999998
1952,226,-5,3,-3.1930000000000014
1953,-48,-3,0,-6.6850000000000005
1954,-8,-7,-1,-4.851
1955,-10,-9,0,-6.9830000000000005
1956,143,-8,0,-4.066999999999999
1957,14,-1,0,-4.467999999999999
1958,19,-3,0,-4.605000000000001
1959,169,-3,2,-2.3710000000000004
1960,-10,-9,0,-5.6690000000000005
1961,116,1,-1,-4.877000000000001
1962,36,1,0,-5.255999999999999
1963,-74,0,0,-6.938
1964,-55,-5,0,-7.515
1965,66,-6,1,-5.753000000000001
1966,84,-4,2,-4.277
1967,40,3,0,-4.927999999999999
1968,114,-7,4,-4.686
1969,39,0,3,-5.071000000000001
1970,197,5,-1,-2.752
1971,-4,-9,-1,-5.577
1972,37,-1,2,-5.678000000000001
1973,207,3,1,-3.779
1974,20,2,1,-4.742999999999999
1975,11,-5,-1,-6.106000000000002
1976,44,1,2,-5.593000000000001
1977,69,-6,2,-4.499
1978,-89,1,-2,-7.138000000000002
1979,31,-2,-1,-6.324
1980,22,0,-1,-5.788000000000001
1981,39,-3,-1,-5.6530000000000005
1982,50,-5,2,-6.492000000000001
1983,-59,-1,0,-7.051000000000001
1984,97,-6,1,-5.23
1985,-13,-5,2,-5.718
1986,-22,-2,-2,-6.731000000000002
1987,68,-8,2,-5.396999999999999
1988,-18,-4,2,-6.959000000000001
1989,71,-1,-1,-6.319
1990,27,2,-2,-5.6370000000000005
1991,5,-4,1,-6.487
1992,-64,-4,0,-6.624
1993,44,3,2,-6.907
1994,99,-6,2,-4.789999999999999
1995,-15,-1,-1,-6.740000000000001
1996,124,-7,5,-5.078
1997,86,-6,1,-4.096999999999999
1998,16,-6,2,-5.821
1999,-28,-3,1,-6.153
2000,74,-4,4,-5.458
2001,10,-6,2,-5.863
2002,39,-14,2,-4.619999999999999
2003,77,-11,0,-4.6819999999999995
2004,45,2,-2,-5.235
2005,34,-3,1,-5.479000000000001
2006,-68,-4,-2,-7.644
2007,-69,-9,2,-8.548000000000002
2008,-2,-4,2,-7.168
2009,37,-7,0,-6.275000000000002
2010,127,-6,2,-4.388999999999999
2011,5,-5,1,-5.751
2012,-23,-5,-2,-7.121
2013,75,-7,3,-6.2540000000000004
2014,71,-6,1,-4.5809999999999995
2015,75,-2,3,-5.941
2016,-32,-2,-1,-6.1850000000000005
2017,27,-8,1,-6.102000000000001
2018,186,1,2,-3.0790000000000006
2019,63,-1,1,-4.137
2020,3,-5,1,-4.314000000000001
2021,36,-6,1,-6.035
2022,43,-5,0,-6.172000000000001
2023,102,1,1,-5.003999999999999
2024,24,1,0,-4.411
2025,78,0,2,-4.648
2026,109,-1,0,-5.421
2027,35,-1,1,-4.417000000000001
2028,110,-1,2,-4.466000000000001
2029,44,-8,2,-5.728999999999999
2030,21,-3,0,-4.790999999999999
2031,135,-5,1,-3.7920000000000007
2032,-56,-8,3,-6.813000000000001
2033,65,-7,2,-6.66
2034,0,-6,0,-7.3870000000000005
2035,44,-4,-1,-5.2059999999999995
2036,21,6,-4,-5.045
2037,-4,-1,0,-6.260000000000001
2038,66,0,1,-5.798
2039,-95,2,-2,-7.201
2040,84,1,0,-6.154
2041,-12,-8,3,-6.388999999999999
2042,113,0,1,-4.206
2043,31,-1,0,-5.808999999999999
2044,64,2,2,-4.871
2045,-47,4,-1,-6.250000000000001
2046,18,0,-2,-5.876
2047,97,-2,1,-5.418000000000001
2048,-4,-5,1,-5.545
2049,67,-2,-1,-4.733999999999999
2050,19,-4,0,-5.630000000000001
2051,15,-4,0,-6.156999999999999
2052,97,-7,3,-5.386999999999999
2053,6,-5,2,-7.071
2054,72,-3,2,-5.235
2055,-30,4,-1,-6.515000000000001
2056,122,-6,1,-4.798
2057,-46,-7,2,-6.265
2058,48,-1,2,-6.785
2059,-24,-5,-2,-6.1690000000000005
2060,-50,-5,-1,-6.404
2061,9,-2,0,-6.344999999999999
2062,65,5,0,-5.225999999999999
2063,67,4,0,-5.401
2064,7,2,-4,-6.612
2065,0,-2,2,-5.619000000000001
2066,24,-1,0,-5.3340000000000005
2067,65,-3,1,-5.907000000000001
2068,55,-5,0,-5.498
2069,2,6,-2,-5.697
2070,17,-5,2,-5.9590000000000005
2071,53,1,4,-5.479
2072,13,-5,1,-5.427
2073,54,0,-1,-5.0920000000000005
2074,41,1,-1,-5.0009999999999994
2075,112,-3,0,-4.207999999999999
2076,69,-1,1,-4.944
2077,24,-3,0,-5.66
2078,20,3,1,-5.425
2079,51,1,1,-6.082999999999999
2080,179,-4,3,-3.4899999999999984
2081,39,-2,1,-6.057
2082,-19,0,-1,-6.887
2083,76,-4,1,-4.900999999999999
2084,98,-5,2,-3.6430000000000007
2085,-19,2,1,-5.193
2086,13,-2,2,-6.702999999999999
2087,15,-8,-2,-5.294
2088,92,-5,3,-4.495
2089,59,4,1,-4.771
2090,14,-6,1,-5.5889999999999995
2091,14,-1,0,-5.393999999999999
2092,50,-6,3,-5.67
2093,145,-4,0,-4.022000000000001
2094,20,-4,1,-5.1480000000000015
2095,-8,-6,0,-5.93
2096,-17,-7,-1,-6.6000000000000005
2097,22,-7,3,-7.1179999999999986
2098,45,-1,0,-5.929
2099,79,-5,1,-5.69
2100,25,3,1,-5.726
2101,127,-8,3,-4.796
2102,22,-9,0,-4.8919999999999995
2103,60,-7,1,-5.019000000000001
2104,92,-2,0,-5.477
2105,75,1,1,-4.812000000000001
2106,27,-2,1,-5.723999999999999
2107,57,4,0,-5.571000000000001
2108,27,-5,-1,-6.0
2109,83,-5,1,-4.934999999999999
2110,107,7,1,-4.5729999999999995
2111,66,-3,1,-4.415
2112,9,-6,2,-5.5969999999999995
2113,69,2,1,-5.646999999999999
2114,9,-7,0,-5.9620000000000015
2115,-89,2,-1,-7.194
2116,55,-3,-1,-6.329999999999999
2117,82,-6,2,-5.221
2118,29,-9,2,-6.533
2119,25,-6,1,-5.640000000000001
2120,-14,2,0,-6.830999999999999
2121,-33,-11,2,-6.510000000000001
2122,13,-3,1,-6.084999999999999
2123,39,-6,1,-5.275
2124,66,-3,1,-5.063999999999999
2125,38,-5,1,-4.550999999999999
2126,-5,0,1,-6.097999999999999
2127,23,-4,0,-6.799
2128,38,-4,2,-5.7379999999999995
2129,141,2,0,-5.276000000000001
2130,-23,-4,0,-7.372
2131,48,2,0,-4.7139999999999995
2132,80,-3,1,-4.924999999999999
2133,63,-7,-1,-5.065
2134,42,-1,2,-4.757
2135,28,3,1,-5.070999999999999
2136,9,-5,-1,-5.564
2137,100,-5,2,-5.095
2138,5,-4,-1,-6.193
2139,114,-7,3,-4.082
2140,-63,-8,2,-6.1
2141,26,-3,3,-6.807
2142,-130,-13,2,-7.28
2143,11,-4,1,-5.349
2144,108,1,2,-4.632000000000001
2145,63,-4,2,-4.7829999999999995
2146,45,-1,1,-5.811
2147,33,-2,2,-5.62
2148,-4,-8,2,-5.697999999999999
2149,8,-7,1,-6.372
2150,68,-6,1,-4.619999999999999
2151,-32,-9,1,-6.1129999999999995
2152,96,3,3,-4.924000000000001
2153,15,0,3,-5.446000000000001
2154,111,-4,0,-4.054000000000001
2155,9,6,-1,-5.098
2156,48,0,0,-6.360000000000002
2157,0,-5,2,-5.530000000000002
2158,-21,-3,-2,-6.079000000000001
2159,5,1,0,-6.474
2160,-54,-11,0,-6.889
2161,142,3,2,-5.617999999999999
2162,18,-6,1,-5.403
2163,126,1,0,-4.416000000000001
2164,59,-10,2,-5.308000000000001
2165,73,-5,3,-5.491
2166,38,3,2,-4.076
2167,-11,-6,0,-5.903999999999998
2168,160,-1,1,-3.697
2169,52,-7,1,-5.707000000000001
2170,210,-1,3,-2.4370000000000003
2171,21,-10,2,-4.210999999999999
2172,56,-3,0,-5.814
2173,11,-6,0,-5.687999999999999
2174,79,-2,1,-4.843
2175,29,-5,0,-4.342
2176,151,-5,3,-3.4049999999999994
2177,53,-2,-1,-5.616000000000001
2178,155,-3,3,-4.542
2179,17,-10,1,-5.923
2180,43,-4,1,-5.297000000000001
2181,32,-4,3,-5.502000000000001
2182,-6,2,0,-6.358
2183,35,-4,1,-5.298000000000002
2184,67,-2,2,-4.957999999999999
2185,61,-5,1,-5.129
2186,42,-3,1,-5.619999999999999
2187,51,2,3,-5.352
2188,-12,-1,-1,-5.964999999999999
2189,-15,3,2,-6.492
2190,131,-6,1,-4.9319999999999995
2191,-20,-2,1,-5.536
2192,137,-5,-1,-4.98
2193,-24,-1,-2,-6.151
2194,27,-7,2,-5.908
2195,75,-1,4,-6.282
2196,0,-8,1,-6.867999999999999
2197,16,-6,2,-6.779
2198,91,-7,2,-5.0440000000000005
2199,14,2,1,-5.111000000000001
2200,49,-8,2,-5.107000000000001
2201,13,-3,1,-4.772999999999999
2202,31,-5,0,-5.7219999999999995
2203,52,0,1,-4.987
2204,-11,-5,0,-6.371
2205,21,-7,0,-6.5009999999999994
2206,81,-3,2,-5.837000000000001
2207,54,-5,1,-6.419
2208,47,-9,1,-6.138
2209,64,-8,0,-5.664
2210,91,-2,2,-3.6519999999999992
2211,3,-2,2,-5.191
2212,63,-5,3,-5.467
2213,57,-2,-1,-5.218999999999999
2214,106,-7,-1,-4.978
2215,44,3,0,-5.09
2216,-61,-5,0,-6.385999999999999
2217,6,2,-1,-6.545000000000001
2218,-86,-9,0,-7.551
2219,28,3,-1,-5.654000000000001
2220,69,-4,1,-5.0520000000000005
2221,83,0,-1,-3.734
2222,135,-8,-1,-3.981
2223,31,-1,3,-4.8260000000000005
2224,12,-6,0,-6.719999999999999
2225,12,-4,2,-5.996
2226,61,-1,-1,-4.868
2227,-27,-2,3,-7.09
2228,41,-4,2,-6.8229999999999995
2229,77,-7,3,-4.678999999999999
2230,10,-5,0,-7.100999999999999
2231,54,5,0,-5.3020000000000005
2232,47,-4,2,-5.137000000000001
2233,92,-4,2,-4.549000000000001
2234,-66,-3,1,-7.3740000000000006
2235,-7,-4,2,-7.303000000000001
2236,1,-4,0,-5.697
2237,77,-3,2,-4.7509999999999994
2238,9,0,1,-6.736000000000001
2239,44,-3,2,-5.361
2240,121,-5,2,-4.555000000000001
2241,100,-2,2,-3.4800000000000013
2242,-25,-5,0,-6.103000000000001
2243,12,-4,2,-6.038000000000001
2244,-29,-8,4,-7.111000000000001
2245,43,-7,-1,-6.639
2246,49,-4,1,-5.7459999999999996
2247,70,1,1,-5.163999999999998
2248,103,-3,0,-4.948999999999999
2249,60,-5,2,-5.1160000000000005
2250,52,-5,4,-5.133000000000001
2251,76,-5,2,-4.499000000000001
2252,38,-6,0,-5.486
2253,47,-5,-1,-5.889
2254,59,4,3,-5.510000000000001
2255,-51,-10,-1,-6.866
2256,62,-4,2,-6.656999999999999
2257,7,-8,2,-6.515000000000001
2258,15,-9,1,-6.713999999999999
2259,-2,-1,2,-6.3709999999999996
2260,-31,-2,2,-6.953
2261,128,-5,1,-4.917
2262,-14,-3,0,-5.848000000000001
2263,-20,0,0,-6.971999999999999
2264,3,-4,4,-7.079999999999999
2265,70,-2,-1,-4.859999999999999
2266,62,1,2,-5.010999999999999
2267,49,-1,-2,-5.154000000000001
2268,94,-5,2,-5.862000000000001
2269,43,-8,2,-4.871000000000001
2270,18,1,-2,-5.49
2271,17,-3,2,-5.674999999999999
2272,108,-5,3,-5.425999999999998
2273,-21,-2,0,-6.514
2274,68,-4,2,-4.937999999999999
2275,-11,-6,1,-5.843000000000002
2276,4,-5,1,-7.179
2277,65,-4,3,-5.200999999999999
2278,-23,1,-1,-6.52
2279,59,-1,1,-5.988
2280,49,-6,1,-6.199
2281,32,-1,-2,-5.539
2282,-26,0,0,-6.316000000000001
2283,78,-4,4,-5.55
2284,40,0,0,-5.804
2285,9,-3,1,-6.0120000000000005
2286,27,-5,0,-5.984999999999999
2287,111,-6,3,-5.968
2288,3,-2,4,-6.883999999999999
2289,104,6,1,-4.67
2290,-17,-6,0,-6.527
2291,43,-2,1,-4.423
2292,7,-6,0,-5.810999999999998
2293,31,0,0,-5.5409999999999995
2294,83,-8,3,-4.833999999999999
2295,18,-1,1,-6.157999999999999
2296,194,-2,2,-3.76
2297,-2,-1,1,-5.342000000000001
2298,1,-5,2,-6.455
2299,65,0,0,-5.313999999999999
2300,146,-4,3,-3.997
2301,71,-5,0,-5.657
2302,-111,-7,1,-6.664000000000001
2303,3,-7,-2,-7.1339999999999995
2304,42,4,-3,-5.298
2305,75,1,3,-5.447999999999999
2306,112,-3,3,-4.2280000000000015
2307,34,-2,1,-4.886000000000001
2308,131,2,2,-4.699
2309,21,-7,0,-6.332000000000001
2310,68,-1,1,-4.712000000000001
2311,83,-6,-1,-4.324999999999999
2312,149,-8,2,-2.545000000000001
2313,-132,-6,1,-6.992999999999999
2314,46,-3,0,-6.744999999999999
2315,-47,-6,1,-6.401000000000001
2316,85,-4,0,-5.799
2317,34,-6,2,-6.051
2318,3,1,2,-6.724
2319,8,-3,-1,-6.635000000000001
2320,182,-6,0,-3.4979999999999984
2321,-18,-3,0,-5.451999999999999
2322,-34,-3,-1,-6.006
2323,-20,0,-1,-6.2669999999999995
2324,189,-10,3,-4.344
2325,25,-5,3,-4.701
2326,60,-3,0,-5.979
2327,37,-5,1,-6.125000000000001
2328,-58,-3,-1,-7.282
2329,41,-5,0,-5.810999999999999
2330,72,-5,2,-5.424999999999999
2331,121,-3,1,-3.6160000000000005
2332,-12,8,0,-5.778
2333,59,-2,3,-5.592999999999999
2334,-6,-10,3,-4.658
2335,89,-4,0,-5.0920000000000005
2336,-4,-7,0,-5.866999999999999
2337,14,-7,1,-5.3340000000000005
2338,145,-4,-2,-3.1430000000000007
2339,33,-1,1,-5.245000000000001
2340,6,-8,2,-7.263000000000002
2341,-74,-1,0,-6.695
2342,136,8,0,-3.6099999999999994
2343,32,4,0,-5.451
2344,40,-12,1,-5.5920000000000005
2345,67,0,-3,-5.689000000000001
2346,-62,3,0,-7.085999999999999
2347,44,-6,2,-6.645
2348,0,0,0,-7.073
2349,73,-2,1,-5.687999999999999
2350,141,-1,3,-3.8499999999999996
2351,29,-11,1,-4.4590000000000005
2352,170,-3,1,-5.3389999999999995
2353,25,3,0,-5.799000000000001
2354,41,0,0,-5.655
2355,143,-4,-1,-3.705
2356,74,-3,0,-5.16
2357,50,-3,3,-5.461
2358,49,-4,3,-5.889999999999999
2359,152,-4,4,-4.934
2360,11,1,1,-5.78
2361,78,-3,1,-4.346000000000001
2362,-93,-5,1,-7.2909999999999995
2363,48,-5,1,-6.231999999999998
2364,-34,-9,2,-6.593
2365,48,-8,3,-6.331
2366,130,-2,2,-3.5999999999999996
2367,68,0,3,-4.257000000000001
2368,48,1,0,-4.813999999999999
2369,96,-8,1,-4.245
2370,2,-10,2,-5.489
2371,11,-7,0,-6.189
2372,22,-5,0,-6.115
2373,3,-3,1,-5.899000000000001
2374,21,-8,2,-5.465
2375,50,-1,2,-5.055
2376,47,-8,1,-5.687999999999999
2377,4,-7,0,-6.47
2378,100,-1,1,-3.764000000000001
2379,81,-5,-1,-4.399
2380,71,-6,2,-4.236
2381,22,-4,0,-5.511
2382,-34,-3,-2,-6.364999999999998
2383,21,-13,2,-4.607000000000001
2384,45,-4,2,-5.514000000000001
2385,18,-2,2,-6.631000000000001
2386,14,-4,1,-6.622000000000001
2387,46,-3,0,-5.151999999999999
2388,83,-1,3,-4.4270000000000005
2389,-26,-2,-1,-5.786999999999999
2390,26,1,1,-6.296
2391,-74,-2,1,-7.278
2392,79,0,0,-6.244
2393,74,2,-1,-5.959999999999999
2394,69,3,-1,-5.077
2395,11,-4,0,-5.537000000000001
2396,131,-3,0,-5.319999999999999
2397,18,0,-1,-5.543000000000001
2398,29,-2,1,-6.191999999999999
2399,111,-2,1,-4.568
2400,98,3,-1,-4.721000000000001
2401,44,-1,1,-3.896000000000001
2402,1,4,0,-6.1930000000000005
2403,-13,1,2,-6.939
2404,-21,-2,1,-6.284
2405,21,-4,0,-6.569000000000001
2406,62,-1,1,-6.189
2407,29,-3,2,-5.803
2408,-80,-7,3,-6.438999999999999
2409,10,-2,-2,-6.615
2410,89,-3,4,-5.3919999999999995
2411,-84,-5,3,-7.751999999999999
2412,-44,-9,-3,-8.246
2413,35,2,0,-6.287000000000001
2414,75,-8,-1,-4.773
2415,32,1,-2,-6.132999999999999
2416,-57,-6,-2,-5.833
2417,55,1,0,-5.501
2418,20,-2,-1,-4.39
2419,131,-1,0,-3.5999999999999996
2420,-14,-8,1,-5.042999999999999
2421,48,-1,1,-5.771
2422,21,2,1,-5.622000000000001
2423,-40,-8,2,-6.714
2424,75,-5,-1,-5.358
2425,-11,-3,0,-5.846
2426,165,-2,1,-3.8419999999999987
2427,52,3,-2,-5.436000000000001
2428,-1,-4,1,-5.5249999999999995
2429,126,6,0,-4.669000000000001
2430,125,-6,0,-3.913999999999999
2431,-7,-9,0,-5.251
2432,106,-3,0,-5.164
2433,31,-8,2,-5.635999999999999
2434,40,-1,2,-4.534000000000001
2435,55,1,2,-5.880999999999999
2436,-8,-4,-3,-5.852999999999999
2437,33,-1,-2,-5.266
2438,102,-2,1,-5.074
2439,-61,2,-3,-5.6579999999999995
2440,10,-7,-2,-5.100999999999999
2441,-17,2,-1,-6.705
2442,-31,1,0,-6.436999999999999
2443,-6,-4,0,-5.332000000000001
2444,12,-5,-1,-5.515
2445,99,-3,3,-4.733999999999999
2446,44,-1,1,-5.325
2447,102,0,-1,-4.363
2448,111,-5,2,-3.9219999999999997
2449,-47,-6,1,-7.896000000000003
2450,-55,-4,-2,-7.152999999999999
2451,-5,2,1,-7.216
2452,51,-3,0,-6.319999999999999
2453,-32,0,-1,-5.970999999999999
2454,5,4,0,-6.3889999999999985
2455,35,-7,2,-4.664000000000001
2456,2,-1,1,-5.004999999999999
2457,52,-7,1,-5.306
2458,152,-3,1,-3.4860000000000007
2459,-11,0,0,-5.342
2460,72,-7,1,-4.2330000000000005
2461,31,-3,2,-4.925000000000001
2462,71,-3,2,-5.446000000000001
2463,75,-1,-1,-4.960999999999999
2464,87,-6,5,-4.34
2465,6,-7,1,-6.024
2466,-49,-7,-1,-7.478
2467,16,0,2,-6.366999999999998
2468,46,0,0,-6.054
2469,49,2,0,-5.585999999999999
2470,53,-6,4,-5.483
2471,31,-3,0,-5.681
2472,-4,-7,0,-5.818999999999999
2473,-8,-4,0,-6.874999999999999
2474,43,-3,3,-5.491
2475,-36,0,0,-6.4990000000000006
2476,21,-1,-1,-6.090999999999999
2477,58,1,1,-5.918000000000001
2478,96,-5,1,-4.607
2479,85,-4,2,-4.147
2480,5,-7,5,-5.37
2481,148,-6,4,-4.563
2482,11,-3,0,-5.234999999999999
2483,22,-2,1,-5.2940000000000005
2484,-8,-4,2,-6.345
2485,32,-6,1,-5.081999999999999
2486,100,0,2,-4.913999999999998
2487,34,-1,-1,-5.068
2488,64,-1,0,-5.191999999999999
2489,-17,-9,0,-5.948
2490,69,-3,0,-5.997999999999998
2491,17,-6,1,-5.172999999999999
2492,27,-6,0,-5.542
2493,9,-2,-1,-5.489999999999999
2494,42,3,-1,-4.527
2495,88,-3,4,-3.9349999999999987
2496,-25,3,1,-5.8340000000000005
2497,149,-1,2,-3.2409999999999997
2498,69,-3,1,-5.142
2499,33,-4,2,-4.976
2500,118,3,0,-5.086
2501,49,-5,-1,-5.5600000000000005
2502,26,-7,3,-5.1370000000000005
2503,-12,-5,2,-5.755999999999999
2504,-40,2,-2,-6.170000000000001
2505,-24,-5,2,-6.175
2506,72,-1,0,-6.106000000000001
2507,13,-8,1,-6.060999999999999
2508,-59,-2,-1,-7.1240000000000006
2509,103,-3,1,-6.005999999999999
2510,61,-1,-1,-5.119000000000001
2511,125,-7,0,-4.796
2512,67,4,2,-4.668
2513,12,-1,2,-5.379999999999999
2514,30,-5,2,-5.455000000000001
2515,94,-3,4,-5.289
2516,42,-6,2,-5.828
2517,17,-3,-2,-5.496
2518,8,-5,0,-6.0009999999999994
2519,-7,-2,3,-6.4639999999999995
2520,36,0,1,-5.4719999999999995
2521,34,0,0,-6.751000000000001
2522,-52,-9,4,-6.267999999999999
2523,-24,-9,3,-6.710999999999999
2524,-51,1,0,-8.158999999999999
2525,10,-9,2,-6.948
2526,17,-1,-4,-7.343
2527,153,-2,0,-4.3199999999999985
2528,42,1,1,-4.771999999999999
2529,7,-6,2,-6.283
2530,45,2,0,-6.3709999999999996
2531,-30,-8,3,-6.639000000000001
2532,5,-4,1,-7.443
2533,22,0,1,-6.9319999999999995
2534,18,-4,3,-5.920000000000001
2535,-31,-6,2,-6.369
2536,-20,-4,2,-6.573
2537,97,0,0,-4.847999999999999
2538,-15,-5,-3,-5.8100000000000005
2539,37,-2,0,-5.754
2540,19,-5,1,-5.740999999999999
2541,22,-6,-1,-6.450000000000001
2542,120,-6,3,-4.816000000000001
2543,80,-7,3,-4.1419999999999995
2544,80,-3,0,-5.162999999999999
2545,86,3,1,-3.6550000000000002
2546,6,-2,-2,-5.231
2547,51,5,1,-5.554
2548,64,-6,0,-4.454000000000001
2549,35,-10,1,-5.442000000000001
2550,58,-3,2,-5.12
2551,8,-1,3,-5.235
2552,-3,-3,-3,-5.233
2553,83,-6,2,-5.6
2554,18,-10,2,-5.153
2555,52,-8,4,-6.086000000000002
2556,126,-7,5,-4.96
2557,86,-7,0,-4.263
2558,27,-3,1,-5.146
2559,47,-3,3,-5.978000000000001
2560,-56,-1,0,-7.298999999999998
2561,29,1,2,-6.746
2562,44,1,2,-6.131000000000002
2563,6,-3,1,-6.4959999999999996
2564,-41,-8,3,-5.955
2565,74,-3,3,-6.0889999999999995
2566,-4,4,0,-5.269000000000001
2567,86,-6,4,-4.787
2568,27,-4,0,-5.657999999999999
2569,40,0,2,-6.261000000000001
2570,-55,-10,-1,-6.959999999999999
2571,72,-6,2,-4.8469999999999995
2572,124,1,-1,-4.362
2573,97,0,2,-4.3180000000000005
2574,90,-6,1,-3.7939999999999996
2575,74,0,-2,-5.384
2576,-24,5,0,-5.738
2577,148,-5,3,-4.488000000000001
2578,-60,-4,1,-6.967999999999998
2579,-17,-7,2,-6.244
2580,74,-6,2,-5.8290000000000015
2581,66,2,0,-4.627000000000002
2582,19,-7,2,-5.117
2583,133,-5,0,-3.614
2584,37,-4,2,-4.536000000000001
2585,2,-4,-1,-6.1850000000000005
2586,19,-4,1,-6.279999999999999
2587,-42,1,-1,-6.843
2588,118,-7,1,-5.653000000000001
2589,1,0,-1,-5.668
2590,40,-1,1,-6.711
2591,98,4,-1,-6.146
2592,49,-3,1,-5.12
2593,-28,-2,0,-5.789000000000001
2594,135,-3,3,-4.191
2595,41,-3,3,-4.834
2596,0,-5,2,-6.212000000000001
2597,-19,-5,2,-7.071999999999999
2598,132,-2,1,-5.0329999999999995
2599,25,1,0,-4.9929999999999986
2600,43,0,3,-5.497
2601,2,-3,1,-5.6160000000000005
2602,191,-3,6,-3.8760000000000003
2603,65,1,-1,-4.0920000000000005
2604,153,1,1,-3.1319999999999997
2605,18,4,2,-4.846000000000001
2606,9,-6,-1,-6.3180000000000005
2607,122,-2,0,-5.157
2608,55,6,-2,-4.622000000000001
2609,-78,-9,3,-6.312
2610,71,-2,1,-6.231999999999999
2611,63,-5,5,-4.775
2612,-2,-2,2,-5.703999999999999
2613,48,-5,0,-5.292
2614,44,-7,0,-5.594999999999999
2615,108,-6,1,-5.016999999999999
2616,125,-1,1,-4.324
2617,-22,-10,0,-6.565
2618,44,-7,5,-5.3549999999999995
2619,45,-5,1,-6.122000000000001
2620,47,-8,-2,-5.816
2621,83,-5,3,-4.260999999999999
2622,-51,-3,0,-6.012
2623,28,-5,2,-6.146000000000001
2624,82,-10,0,-6.003
2625,74,-1,0,-5.014999999999999
2626,112,-6,1,-4.455000000000001
2627,81,-8,-2,-4.02
2628,32,3,1,-4.465000000000001
2629,-4,-4,-3,-7.104000000000001
2630,84,-3,3,-5.781
2631,1,-3,2,-5.542
2632,-48,-2,0,-6.33
2633,111,-5,-1,-5.393000000000001
2634,112,-4,0,-4.138999999999999
2635,23,-6,2,-5.697
2636,12,2,2,-6.021999999999999
2637,53,-7,0,-6.244
2638,27,-6,0,-5.873
2639,54,-6,2,-5.164
2640,8,-3,1,-5.917999999999999
2641,-48,-2,-2,-7.502
2642,8,-2,0,-7.055000000000001
2643,72,-9,2,-5.899
2644,40,-2,1,-5.470000000000001
2645,34,2,3,-6.008000000000002
2646,100,-4,1,-4.991
2647,61,-2,2,-6.029999999999998
2648,176,-3,2,-3.652000000000001
2649,72,-1,0,-4.207
2650,-31,-6,0,-5.551
2651,13,-5,2,-5.691999999999999
2652,56,-4,2,-5.569999999999999
2653,29,-8,2,-6.161
2654,-33,-3,1,-7.324
2655,39,-4,1,-5.752999999999999
2656,126,-5,1,-5.432999999999999
2657,64,-5,0,-4.755
2658,72,-6,2,-4.701
2659,-26,0,0,-6.23
2660,-1,0,-3,-6.154000000000001
2661,108,-1,2,-5.079000000000001
2662,28,4,0,-4.573
2663,81,-9,1,-5.316
2664,-56,0,-1,-6.715000000000001
2665,-57,1,0,-7.404999999999999
2666,27,1,4,-6.545000000000001
2667,60,-5,0,-5.183999999999998
2668,25,-3,0,-5.420000000000001
2669,-101,3,0,-7.305000000000001
2670,-63,-9,2,-7.392
2671,-59,-8,4,-8.45
2672,64,-8,2,-6.3740000000000006
2673,-29,-2,1,-6.336000000000001
2674,-38,-2,2,-7.420000000000001
2675,45,-1,1,-6.1469999999999985
2676,86,-4,2,-4.594999999999999
2677,32,1,3,-5.405000000000001
2678,-68,-5,1,-6.242
2679,123,-4,4,-5.445000000000001
2680,102,1,2,-3.9190000000000014
2681,11,-3,-1,-4.917
2682,41,-2,1,-4.5
2683,15,-1,-2,-5.681
2684,-5,-6,0,-6.282
2685,113,-8,2,-5.181000000000001
2686,96,3,0,-4.427
2687,151,-2,1,-3.1610000000000014
2688,141,-3,0,-2.535
2689,33,-1,-1,-6.625000000000001
2690,6,-7,2,-6.285000000000002
2691,-4,-5,0,-5.771999999999999
2692,18,-2,0,-7.0569999999999995
2693,55,3,0,-5.192000000000001
2694,-23,-2,1,-5.9830000000000005
2695,28,-5,1,-5.413
2696,76,-3,2,-5.104000000000001
2697,-23,-1,1,-6.106999999999999
2698,63,-1,2,-4.449
2699,86,-5,2,-4.417000000000002
2700,103,0,1,-4.115000000000001
2701,46,-7,0,-5.519
2702,70,1,3,-4.988999999999999
2703,-82,-7,-1,-7.002
2704,36,2,2,-4.902999999999999
2705,51,0,1,-5.46
2706,-21,-5,1,-5.643000000000001
2707,50,-1,0,-5.665
2708,25,1,-1,-4.809
2709,3,-6,1,-5.544999999999999
2710,82,4,3,-5.745000000000002
2711,-91,-2,-5,-7.318999999999998
2712,58,-1,0,-6.349
2713,68,1,0,-5.385999999999999
2714,49,-7,3,-4.7589999999999995
2715,14,-5,1,-5.767999999999999
2716,110,-7,3,-4.874000000000001
2717,25,-5,2,-6.138
2718,129,2,-1,-4.111999999999999
2719,36,-9,0,-5.156999999999999
2720,49,-2,0,-5.591999999999999
2721,28,-1,2,-5.350999999999999
2722,43,-10,3,-5.531000000000001
2723,-74,-5,0,-8.163
2724,-25,-4,3,-7.624999999999999
2725,-32,-2,1,-6.938
2726,-43,-16,2,-7.986999999999999
2727,29,-4,2,-6.117
2728,-44,3,0,-7.316999999999999
2729,163,-1,-1,-4.964
2730,80,-4,3,-5.367999999999999
2731,-9,-3,0,-6.526
2732,178,-9,1,-3.3920000000000003
2733,28,-1,0,-4.612
2734,-52,-3,2,-6.502000000000001
2735,63,-3,1,-6.6819999999999995
2736,81,-10,3,-5.867999999999999
2737,58,0,1,-4.670999999999999
2738,-43,-1,-2,-5.564000000000001
2739,37,-9,2,-5.124999999999998
2740,-2,-10,1,-6.045
2741,28,-8,3,-6.390000000000001
2742,58,-1,2,-5.532
2743,107,-1,1,-3.7640000000000002
2744,45,-3,1,-4.177999999999999
2745,-67,-12,1,-6.519
2746,40,-4,2,-6.6530000000000005
2747,-2,3,0,-6.344
2748,154,-2,0,-4.096000000000001
2749,93,2,3,-5.023999999999999
2750,84,-3,-1,-5.1259999999999994
2751,-12,3,-3,-6.024
2752,-29,-2,1,-7.013999999999999
2753,7,-4,-1,-6.511000000000001
2754,24,-2,1,-5.391
2755,83,-2,1,-5.575
2756,78,-7,1,-5.367999999999999
2757,-74,-6,1,-7.707000000000001
2758,61,-5,1,-6.653
2759,49,6,1,-5.697999999999999
2760,-41,-9,0,-6.332
2761,89,2,2,-4.296
2762,102,-3,1,-4.7459999999999996
2763,78,-5,0,-4.390000000000001
2764,39,-7,1,-5.335999999999999
2765,14,-5,3,-5.829000000000001
2766,53,1,-1,-6.338000000000001
2767,53,-1,1,-4.385999999999999
2768,77,3,-1,-4.676999999999999
2769,27,3,-1,-4.297
2770,64,1,-2,-5.289000000000001
2771,44,0,0,-4.843999999999999
2772,171,-6,2,-4.617
2773,-39,-9,-2,-7.386
2774,105,-1,4,-4.571000000000001
2775,73,2,3,-4.377000000000001
2776,19,-8,1,-6.364000000000001
2777,34,-3,2,-6.763000000000001
2778,-52,-9,0,-6.412000000000001
2779,96,-3,1,-4.656000000000001
2780,2,-12,0,-5.619999999999999
2781,92,-3,2,-4.661
2782,71,-7,1,-4.485
2783,53,-1,0,-4.491999999999999
2784,23,-5,0,-5.443999999999999
2785,14,-1,-1,-5.719
2786,45,-1,2,-5.199999999999999
2787,25,-2,1,-5.239999999999999
2788,37,-2,0,-4.738999999999999
2789,38,0,1,-4.282
2790,156,1,2,-3.556000000000001
2791,45,-3,0,-5.170000000000001
2792,111,1,0,-4.589000000000001
2793,30,-5,2,-4.183
2794,39,-3,2,-5.77
2795,-80,-8,0,-7.39
2796,27,-8,1,-6.248999999999998
2797,-35,-6,2,-5.967999999999999
2798,99,-4,1,-5.409999999999999
2799,92,-4,1,-3.953000000000001
2800,26,-2,0,-4.6499999999999995
2801,-8,1,0,-5.793999999999999
2802,20,-1,2,-6.086
2803,145,-1,1,-3.3770000000000007
2804,52,-3,0,-4.978999999999999
2805,58,-7,3,-4.943999999999998
2806,54,-8,3,-5.144
2807,72,-1,1,-4.2940000000000005
2808,98,-8,3,-3.766
2809,-96,-4,1,-7.340000000000001
2810,19,-4,3,-6.571
2811,-61,-2,2,-6.372
2812,174,-5,0,-3.864
2813,-25,-6,-1,-5.907
2814,128,-2,2,-4.287
2815,-56,-2,-1,-5.276999999999999
2816,-17,-4,-1,-7.5760000000000005
2817,29,-6,1,-6.3629999999999995
2818,96,-5,1,-4.433000000000001
2819,64,3,0,-4.821
2820,21,-7,1,-4.963000000000001
2821,-5,6,-5,-5.6659999999999995
2822,-19,3,0,-6.050000000000001
2823,20,-4,-1,-6.45
2824,41,-1,1,-5.945999999999999
2825,56,-1,1,-5.287000000000001
2826,22,3,0,-4.800999999999999
2827,112,-4,3,-4.8370000000000015
2828,74,-5,1,-3.8809999999999993
2829,27,0,1,-5.105999999999999
2830,40,2,2,-6.059
2831,21,0,1,-6.97
2832,64,-3,1,-5.366
2833,97,-7,2,-3.9060000000000006
2834,55,-3,4,-4.838
2835,63,-4,1,-4.9479999999999995
2836,86,-3,-1,-4.045000000000001
2837,2,3,-1,-5.236000000000001
2838,-2,-4,0,-7.136
2839,-8,-8,-1,-6.014
2840,69,-3,4,-5.931
2841,54,-2,0,-5.128000000000001
2842,5,-4,3,-5.863000000000001
2843,22,-3,1,-6.898
2844,113,-1,2,-4.43
2845,134,5,1,-3.4749999999999996
2846,107,-7,0,-4.085999999999999
2847,-31,-2,1,-6.167
2848,18,-7,3,-6.030999999999998
2849,120,-7,1,-5.295000000000001
2850,13,-8,2,-6.111000000000002
2851,43,-4,0,-6.816000000000001
2852,69,-9,1,-5.441000000000001
2853,79,-6,3,-5.62
2854,43,-4,0,-4.838
2855,143,-5,4,-4.207
2856,52,0,1,-4.938
2857,45,-7,0,-5.879
2858,49,-2,2,-5.513
2859,179,-8,3,-4.388
2860,29,2,2,-5.954999999999999
2861,-5,-7,0,-6.2059999999999995
2862,60,-7,1,-5.009
2863,11,-4,2,-6.482
2864,38,-8,0,-5.867999999999999
2865,-41,0,0,-6.803000000000001
2866,-66,-2,-1,-7.036999999999999
2867,25,-4,0,-6.121000000000001
2868,141,-6,2,-4.057
2869,26,-5,0,-5.122999999999999
2870,112,-4,-1,-5.175000000000002
2871,-78,0,-1,-6.303999999999999
2872,10,-7,0,-6.916
2873,47,-6,3,-5.7250000000000005
2874,-43,-4,1,-6.457999999999999
2875,-5,-2,4,-6.318
2876,18,-2,0,-5.628
2877,-1,-3,3,-5.639000000000001
2878,-17,-8,1,-7.149
2879,12,-9,1,-7.363
2880,29,-3,2,-5.667
2881,120,-5,1,-3.702
2882,72,-8,3,-5.254
2883,84,-4,5,-5.223
2884,38,0,0,-4.998
2885,31,-3,0,-4.7509999999999994
2886,63,3,1,-4.986000000000001
2887,-50,-7,2,-7.029999999999999
2888,-33,-7,1,-7.488999999999999
2889,76,-7,1,-5.528999999999998
2890,-11,-9,2,-4.9990000000000006
2891,-17,2,0,-6.343
2892,82,-4,1,-4.0310000000000015
2893,90,-2,4,-4.813999999999999
2894,51,-1,-1,-5.079999999999999
2895,53,-2,2,-5.569999999999999
2896,93,-4,2,-4.7780000000000005
2897,94,-4,0,-4.398
2898,-17,1,0,-5.528
2899,120,-8,2,-4.513000000000001
2900,71,-3,-3,-5.445
2901,96,-9,3,-3.899
2902,111,0,1,-4.1160000000000005
2903,-20,-7,1,-5.489000000000001
2904,28,-4,1,-5.746000000000002
2905,22,1,1,-5.443
2906,-31,-5,0,-6.7509999999999994
2907,96,-6,3,-5.045
2908,86,-3,2,-4.849999999999999
2909,-4,2,0,-7.0329999999999995
2910,-26,-4,1,-6.91
2911,-17,-3,2,-5.9510000000000005
2912,138,-10,2,-4.105999999999999
2913,102,-3,1,-4.890999999999999
2914,-69,-4,0,-7.031000000000001
2915,30,-3,3,-4.909000000000001
2916,-43,2,-1,-6.582
2917,-58,2,1,-7.729000000000001
2918,89,-1,2,-5.664000000000001
2919,-13,-8,2,-6.353999999999999
2920,-18,-1,1,-5.406
2921,43,-7,2,-6.4430000000000005
2922,-83,-15,2,-7.276000000000001
2923,61,-2,0,-4.617
2924,41,-9,-1,-5.051999999999999
2925,41,-2,-1,-4.982999999999999
2926,53,-2,1,-6.297000000000001
2927,19,-3,0,-5.033
2928,28,-4,2,-6.164
2929,101,-2,-1,-5.159999999999998
2930,5,-3,2,-4.797
2931,-8,-10,2,-5.965000000000001
2932,-2,-5,-2,-6.78
2933,23,-7,-1,-5.694
2934,48,-3,-1,-5.2330000000000005
2935,-23,-7,-1,-6.323999999999999
2936,112,-2,1,-4.922999999999999
2937,110,0,2,-4.144
2938,80,-7,2,-4.644000000000001
2939,42,2,-1,-4.9719999999999995
2940,47,-5,-1,-5.691000000000001
2941,-72,-3,-1,-7.4910000000000005
2942,54,-4,1,-5.401000000000001
2943,29,0,2,-5.468
2944,-12,-4,1,-5.937999999999999
2945,58,-6,-1,-5.757000000000001
2946,28,0,1,-5.924999999999999
2947,-28,-12,1,-6.424000000000001
2948,77,-4,2,-5.543
2949,46,-6,-1,-4.668
2950,48,-6,0,-6.853999999999999
2951,112,-3,1,-5.303
2952,13,-6,2,-5.958
2953,71,0,-2,-5.416
2954,51,-4,-1,-5.377999999999999
2955,11,-8,-1,-4.782000000000001
2956,40,-9,0,-5.3709999999999996
2957,-34,-1,1,-6.419
2958,12,0,1,-5.656
2959,87,3,2,-5.356
2960,19,-3,0,-5.651
2961,38,-6,4,-4.893999999999999
2962,60,-6,3,-5.690000000000001
2963,40,-3,2,-5.339
2964,23,-9,0,-5.739999999999999
2965,42,4,-1,-5.669000000000001
2966,56,-2,1,-5.619000000000001
2967,-7,-4,1,-7.058999999999999
2968,107,-5,4,-5.8530000000000015
2969,-23,-6,2,-6.201
2970,47,-4,-1,-5.398000000000001
2971,98,-6,3,-3.8069999999999995
2972,34,-5,3,-5.85
2973,75,4,5,-5.164
2974,83,-4,2,-5.145
2975,91,3,2,-3.9859999999999998
2976,-5,4,-2,-4.939
2977,42,-4,2,-5.703
2978,13,-1,2,-6.045000000000001
2979,-27,-1,-1,-6.886
2980,37,-2,0,-5.239999999999999
2981,52,-5,0,-5.384
2982,-32,1,-2,-5.518
2983,1,-4,0,-5.368000000000001
2984,34,-4,2,-5.801
2985,97,-5,3,-4.814
2986,88,1,0,-4.46
2987,34,-2,3,-5.682
2988,37,-9,2,-4.853999999999999
2989,-18,-5,2,-6.079000000000001
2990,32,5,1,-4.702
2991,105,1,1,-4.7059999999999995
2992,95,-1,1,-4.334
2993,72,-7,1,-4.529000000000001
2994,58,-2,-1,-4.537999999999999
2995,90,0,2,-4.138
2996,21,-2,2,-5.005999999999999
2997,75,-3,-1,-5.459999999999999
2998,137,-4,0,-4.473999999999999
2999,78,-6,2,-4.603000000000001
